240,3,-513
237,10,-506
244,10,-509
217,16,-518
239,-8,-518
230,17,-485
237,3,-495
235,5,-497
226,-10,-499
221,1,-476
215,-7,-488
219,-17,-495
221,-1,-466
219,-14,-492
197,-14,-481
172,-39,-471
138,-52,-497
46,-68,-481
14,-68,-492
-59,-55,-494
-190,-10,-492
-244,43,-495
-339,152,-483
-374,240,-495
-365,350,-466
-391,409,-457
-359,471,-419
-341,543,-419
-311,559,-428
-276,618,-443
-235,631,-438
-203,659,-452
-158,679,-443
-97,690,-471
-53,686,-495
-12,688,-487
68,679,-513
115,661,-509
179,640,-520
195,620,-501
248,600,-485
294,575,-471
339,544,-431
356,528,-391
374,517,-377
377,499,-322
375,508,-268
368,508,-227
352,492,-197
318,508,-188
320,517,-176
294,539,-156
291,528,-145
280,564,-159
235,584,-154
231,616,-161
190,647,-197
145,706,-230
77,749,-292
-26,749,-327
-107,712,-423
-82,690,-478
-57,647,-540
0,622,-579
8,577,-618
19,559,-636
43,525,-662
52,512,-667
59,494,-681
71,478,-693
93,420,-714
109,365,-709
140,309,-714
138,235,-698
116,142,-684
100,86,-658
57,46,-658
64,10,-617
46,-25,-617
21,-53,-599
23,-55,-577
7,-71,-540
-17,-82,-544
-14,-100,-485
-21,-104,-471
-7,-89,-478
-35,-111,-468
-34,-120,-435
-57,-136,-360
-104,-97,-301
-151,-79,-277
-176,-57,-287
-226,-35,-263
-242,-1,-254
-266,21,-249
-334,107,-263
-370,190,-246
-372,271,-230
-402,269,-273
-409,309,-273
-397,336,-296
-411,354,-303
-395,345,-308
-402,352,-312
-415,325,-334
-399,302,-339
-402,266,-350
-391,237,-346
-399,240,-325
-397,246,-310
-386,296,-286
-366,348,-273
-395,388,-256
-386,418,-272
-320,546,-277
-248,607,-246
-222,625,-204
-163,656,-185
-136,676,-166
-84,663,-143
-19,652,-102
7,650,-107
17,661,-110
68,665,-117
59,685,-147
80,677,-150
107,697,-162
122,686,-169
138,695,-164
154,690,-187
143,683,-197
187,694,-211
215,676,-246
276,640,-266
285,649,-272
307,620,-279
370,517,-287
433,426,-317
449,341,-360
424,334,-443
411,311,-469
390,325,-497
386,332,-542
366,341,-540
356,356,-565
345,356,-589
343,393,-587
334,402,-589
329,386,-601
323,388,-617
329,365,-598
341,338,-596
330,320,-599
338,298,-606
341,222,-592
338,204,-561
374,215,-520
390,185,-494
379,163,-507
368,149,-497
390,134,-473
379,77,-445
370,68,-416
409,129,-360
388,104,-357
375,106,-338
399,129,-305
397,152,-292
408,235,-265
400,411,-227
374,478,-214
325,555,-192
275,595,-171
248,632,-180
203,670,-199
151,701,-190
-10,740,-201
-145,706,-234
-291,593,-287
-338,535,-322
-374,467,-374
-370,381,-464
-341,320,-530
-300,260,-577
-276,240,-610
-210,210,-660
-170,203,-684
-91,188,-705
-80,199,-705
-41,181,-712
10,165,-717
44,163,-719
48,160,-702
34,134,-698
-30,116,-702
-120,113,-674
-228,185,-629
-320,388,-592
-316,507,-537
-253,641,-449
-187,701,-398
-82,737,-346
14,733,-280
212,679,-218
330,596,-218
366,546,-225
413,453,-263
445,366,-294
433,275,-355
415,210,-383
363,118,-440
318,88,-483
253,52,-528
199,37,-573
140,39,-606
23,48,-636
-57,61,-651
-170,84,-636
-257,127,-598
-300,188,-563
-330,212,-558
-359,262,-478
-390,293,-428
-397,314,-414
-391,305,-339
-390,282,-306
-393,239,-303
-375,213,-286
-363,172,-270
-350,170,-272
-347,142,-279
-356,161,-294
-357,138,-306
-347,134,-306
-341,125,-315
-339,116,-338
-316,82,-329
-316,50,-350
-294,39,-339
-280,10,-322
-266,-10,-312
-244,-14,-336
-251,-14,-360
-239,-34,-358
-222,-46,-381
-208,-46,-433
-181,-48,-459
-181,-30,-487
-160,-52,-476
-136,-61,-509
-131,-44,-532
-122,-50,-551
-91,-48,-542
-88,-59,-532
-88,-41,-532
-104,-46,-533
-143,-50,-520
-151,-46,-478
-160,-66,-442
-172,-57,-409
-178,-70,-407
-176,-53,-416
-165,-64,-409
-160,-62,-403
-170,-59,-421
-179,-61,-395
-190,-39,-398
-185,-52,-393
-188,-44,-376
-179,-32,-391
-188,-44,-383
-195,-37,-372
-195,-34,-400
-217,-23,-431
-222,-17,-464
-230,14,-464
-230,39,-506
-275,62,-497
-257,23,-501
-255,25,-471
-249,8,-449
-251,7,-436
-240,-14,-419
-208,-28,-426
-212,-32,-377
-217,-19,-369
-210,-37,-376
-201,-39,-391
-239,-37,-400
-269,-3,-409
-336,70,-410
-356,118,-409
-397,206,-428
-399,237,-436
-399,273,-443
-406,294,-464
-390,307,-476
-388,334,-495
-374,363,-506
-377,406,-520
-345,424,-551
-321,462,-573
-318,472,-570
-296,487,-587
-260,494,-618
-249,505,-629
-187,525,-644
-169,517,-655
-129,492,-679
-79,481,-696
-26,476,-695
46,456,-703
124,469,-691
178,436,-688
231,429,-660
271,429,-611
303,426,-598
339,418,-580
336,426,-563
338,445,-551
338,467,-520
336,458,-546
330,438,-568
302,427,-579
298,431,-596
287,449,-606
242,454,-636
206,458,-657
183,460,-683
134,462,-695
80,465,-702
46,456,-710
-7,478,-700
-79,478,-700
-125,478,-690
-187,474,-658
-219,478,-644
-264,447,-639
-291,453,-606
-327,442,-572
-357,415,-553
-368,372,-542
-393,354,-494
-409,359,-464
-433,321,-421
-422,300,-393
-431,251,-364
-406,226,-350
-382,174,-348
-372,142,-292
-363,118,-322
-316,89,-305
-305,46,-284
-260,34,-282
-237,-3,-266
-174,-26,-258
-140,-57,-263
-116,-62,-258
-71,-79,-273
-52,-80,-289
-53,-82,-312
-46,-89,-322
-57,-93,-353
-86,-82,-388
-127,-70,-400
-149,-52,-431
-161,-39,-461
-185,-26,-483
-212,3,-516
-231,12,-507
-233,28,-513
-233,28,-530
-249,44,-514
-219,39,-533
-222,25,-523
-233,17,-516
-244,28,-523
-237,17,-513
-239,19,-507
-249,30,-507
-248,21,-502
-239,26,-518
-240,21,-516
-248,25,-509
-240,21,-502
-255,17,-513
-231,34,-504
-246,30,-501
-242,30,-497
-255,28,-509
-240,28,-516
-248,28,-513
-258,43,-520
-248,25,-506
-255,35,-523
-240,32,-513
-253,37,-532
-255,43,-516
-249,44,-514
-251,46,-513
-257,44,-511
-273,61,-513
-257,48,-514
-262,50,-516
-257,37,-511
-262,50,-502
-251,39,-506
-262,50,-506
-253,52,-511
-248,21,-513
-262,25,-499
-249,30,-490
-257,34,-497
-258,43,-502
-255,32,-513
-255,28,-492
-253,34,-497
-249,23,-494
-244,43,-502
-249,23,-501
-228,23,-511
-228,30,-518
-233,32,-520
-215,7,-527
-199,1,-528
-194,-7,-547
-172,14,-551
-170,26,-563
-125,32,-606
-116,52,-629
-93,61,-648
-98,113,-681
-82,158,-690
-41,217,-716
-16,264,-733
-8,325,-733
0,388,-735
-1,415,-722
-16,487,-691
-30,523,-667
-34,562,-667
-21,571,-624
-28,632,-589
-28,650,-568
-37,670,-546
-28,679,-513
-43,704,-495
-44,717,-466
-44,724,-435
-35,751,-402
-23,735,-386
-26,753,-348
-26,771,-317
-17,765,-308
-14,740,-273
-19,749,-247
-3,740,-235
-7,730,-211
-16,721,-188
-7,719,-169
-19,710,-171
-19,692,-143
-10,697,-131
-17,683,-124
-28,672,-131
-32,661,-97
-32,654,-93
-35,654,-83
-34,652,-74
-64,629,-69
-68,614,-76
-100,614,-45
-104,593,-52
-138,569,-53
-156,552,-60
-154,550,-55
-149,544,-64
-174,544,-57
-143,546,-48
-161,543,-48
-165,553,-55
-163,555,-60
-169,561,-55
-167,555,-46
-170,566,-53
-160,566,-60
-147,564,-62
-142,584,-64
-142,577,-53
-163,587,-67
-165,607,-83
-149,598,-74
-125,618,-79
-136,632,-86
-122,614,-79
-84,645,-78
-64,647,-69
-21,658,-76
17,654,-69
34,656,-78
68,672,-72
86,668,-76
154,654,-107
203,634,-119
269,640,-145
296,638,-185
321,623,-234
330,618,-270
347,605,-331
341,586,-343
336,580,-386
339,577,-449
323,568,-464
309,543,-509
289,512,-566
282,483,-608
275,447,-622
240,427,-637
201,431,-676
194,431,-662
169,427,-679
149,436,-698
109,415,-702
66,429,-705
43,417,-700
53,388,-721
28,377,-721
32,352,-710
44,336,-716
62,329,-712
30,311,-716
14,298,-728
0,305,-724
21,266,-724
25,240,-721
41,217,-712
62,192,-722
79,194,-707
97,201,-707
113,195,-698
143,197,-693
161,201,-679
179,219,-683
206,228,-684
192,217,-684
226,251,-662
235,257,-670
235,278,-650
249,282,-657
269,302,-644
255,309,-662
271,321,-639
284,366,-631
278,397,-632
269,427,-613
240,453,-634
231,480,-636
206,487,-629
185,483,-657
183,474,-655
170,472,-646
170,483,-657
165,471,-665
165,463,-655
161,474,-658
158,463,-665
174,447,-643
185,422,-646
190,406,-644
204,402,-658
208,391,-644
224,390,-639
228,372,-646
226,384,-651
237,356,-644
235,368,-636
237,359,-644
248,356,-637
262,330,-631
282,332,-611
289,311,-605
302,294,-592
321,285,-601
312,276,-579
329,246,-577
323,240,-561
341,204,-547
339,203,-528
356,165,-523
352,143,-488
318,88,-483
258,28,-488
158,-53,-450
3,-89,-450
-122,-57,-457
-266,3,-423
-309,32,-416
-356,115,-384
-361,149,-369
-388,212,-367
-406,273,-353
-400,325,-341
-400,361,-327
-388,402,-308
-377,471,-315
-366,507,-336
-320,568,-322
-318,591,-317
-271,634,-331
-255,647,-350
-231,670,-365
-219,679,-388
-210,670,-424
-206,656,-431
-230,636,-461
-257,602,-504
-235,573,-549
-257,544,-549
-262,499,-575
-289,472,-566
-311,458,-577
-343,429,-580
-321,418,-549
-336,422,-559
-347,415,-577
-332,397,-570
-345,377,-579
-343,386,-563
-311,278,-608
-293,228,-615
-282,210,-629
-282,192,-615
-262,147,-610
-251,118,-606
-257,84,-608
-257,55,-566
-224,23,-542
-230,-7,-520
-226,-17,-523
-221,-16,-490
-242,-12,-469
-266,-7,-426
-336,44,-393
-372,73,-358
-386,152,-331
-375,160,-306
-399,158,-301
-386,199,-279
-411,249,-240
-375,293,-216
-390,314,-227
-393,339,-244
-386,365,-237
-379,375,-258
-382,393,-244
-382,404,-254
-390,433,-251
-381,449,-277
-379,436,-275
-388,442,-277
-400,426,-289
-384,438,-284
-390,408,-279
-400,397,-282
-377,399,-277
-384,406,-280
-397,372,-254
-365,436,-234
-366,456,-263
-354,476,-279
-348,503,-266
-321,573,-272
-294,604,-266
-239,631,-275
-246,641,-289
-239,641,-272
-230,647,-266
-201,679,-239
-187,686,-242
-158,694,-280
-138,713,-272
-134,706,-279
-118,712,-287
-125,722,-277
-124,710,-272
-125,715,-294
-125,715,-273
-124,721,-296
-134,710,-299
-124,735,-320
-104,730,-336
-104,726,-332
-100,730,-371
-77,717,-362
-89,722,-381
-98,724,-390
-89,719,-409
-84,710,-397
-95,710,-410
-82,722,-436
-97,722,-416
-77,706,-442
-91,699,-462
-104,708,-468
-111,683,-468
-127,688,-476
-131,681,-469
-134,670,-476
-129,676,-478
-140,690,-468
-147,686,-461
-145,688,-445
-170,703,-424
-160,692,-417
-181,681,-410
-199,677,-383
-188,681,-383
-203,692,-386
-212,697,-381
-212,690,-371
-219,683,-350
-215,686,-360
-242,674,-372
-249,649,-393
-269,636,-416
-271,631,-428
-271,620,-462
-262,629,-468
-255,611,-488
-255,611,-499
-242,587,-511
-266,589,-520
-264,573,-521
-298,546,-527
-289,530,-559
-298,496,-561
-311,494,-559
-321,458,-556
-318,444,-546
-350,426,-553
-339,429,-546
-361,415,-546
-343,400,-539
-352,435,-516
-379,440,-476
-411,480,-452
-399,492,-436
-377,543,-409
-330,604,-346
-293,641,-334
-233,704,-277
-192,703,-272
-179,715,-249
-145,713,-237
-115,722,-211
-66,713,-195
-25,730,-183
10,715,-142
46,701,-124
64,683,-110
98,685,-112
102,674,-102
138,663,-102
179,668,-135
210,685,-157
217,681,-178
248,654,-149
242,670,-150
258,632,-135
249,641,-147
249,641,-133
233,658,-142
237,661,-156
228,677,-154
219,683,-162
226,668,-169
210,681,-157
179,704,-156
158,701,-180
167,717,-188
143,708,-197
181,717,-230
183,715,-266
206,721,-282
221,688,-282
233,701,-308
271,681,-306
280,661,-332
303,649,-355
336,598,-410
354,541,-414
375,512,-462
390,444,-452
393,375,-487
395,338,-495
388,287,-499
382,264,-487
372,235,-487
352,161,-457
381,161,-440
377,194,-436
393,174,-410
397,188,-403
399,197,-395
379,170,-397
381,136,-388
361,113,-376
341,93,-381
339,77,-369
350,73,-372
341,79,-364
327,61,-332
321,52,-327
316,32,-312
273,7,-298
235,-23,-299
156,-70,-282
109,-70,-299
53,-97,-305
-21,-86,-312
-80,-73,-327
-215,-46,-329
-269,10,-339
-321,80,-327
-363,111,-350
-399,165,-353
-393,203,-379
-413,237,-402
-406,276,-419
-408,307,-431
-402,363,-475
-397,400,-501
-347,490,-518
-289,530,-532
-233,578,-558
-212,604,-551
-147,593,-582
-127,613,-598
-111,604,-596
-88,613,-605
-48,598,-608
-61,593,-617
-80,595,-629
-107,582,-634
-122,568,-637
-161,532,-634
-204,492,-637
-230,435,-644
-269,366,-637
-285,318,-625
-287,194,-613
-264,149,-598
-208,50,-599
-163,-16,-563
-95,-44,-563
-62,-55,-542
-21,-71,-537
-5,-41,-563
-3,-50,-561
-37,-37,-587
-64,3,-610
-95,41,-632
-116,52,-636
-107,50,-651
-138,80,-646
-154,104,-637
-219,158,-634
-240,190,-617
-276,273,-613
-289,289,-605
-287,327,-603
-325,332,-577
-318,285,-553
-338,240,-523
-325,192,-504
-350,160,-462
-354,127,-414
-329,113,-400
-336,70,-383
-320,68,-360
-296,44,-355
-285,19,-351
-255,3,-371
-210,-19,-403
-149,-55,-449
-118,-57,-499
-12,-30,-549
57,-28,-565
122,21,-585
165,46,-596
224,102,-608
291,215,-589
309,248,-599
321,275,-584
329,311,-587
316,334,-582
320,356,-568
320,384,-558
327,413,-554
329,426,-563
343,444,-532
359,445,-513
382,408,-466
393,382,-438
409,377,-423
429,278,-417
408,210,-397
361,127,-386
345,71,-371
249,-8,-383
176,-64,-429
52,-84,-452
7,-86,-464
-52,-91,-487
-62,-88,-483
-79,-71,-481
-109,-52,-473
-129,-50,-461
-140,-39,-478
-160,-44,-462
-195,-44,-455
-201,-46,-423
-181,-48,-414
-161,-64,-391
-154,-57,-364
-116,-80,-362
-84,-80,-345
-104,-82,-315
-102,-70,-320
-80,-88,-310
-59,-84,-279
-43,-75,-298
-16,-88,-292
-10,-107,-284
46,-93,-291
64,-86,-308
79,-82,-312
154,-68,-318
158,-75,-343
197,-50,-357
242,-30,-376
257,-1,-383
287,14,-395
338,50,-402
350,73,-390
352,100,-402
370,100,-423
379,131,-410
388,129,-398
381,136,-398
384,143,-374
370,151,-374
381,133,-367
384,136,-336
384,133,-339
363,111,-353
359,118,-346
356,118,-325
357,134,-345
375,120,-341
368,134,-338
372,142,-338
381,172,-350
382,167,-365
379,188,-376
384,169,-377
395,183,-409
415,235,-379
420,276,-371
429,318,-365
418,321,-341
435,327,-325
429,350,-310
427,352,-270
422,350,-279
429,386,-268
411,404,-244
417,370,-235
397,311,-209
406,237,-204
397,224,-178
379,221,-175
370,179,-187
363,197,-176
330,187,-128
302,172,-100
302,169,-104
285,170,-91
276,176,-83
276,165,-76
257,160,-64
224,138,-67
219,136,-83
204,100,-69
201,97,-97
210,109,-98
210,102,-102
208,97,-107
210,131,-91
212,118,-93
210,142,-81
204,125,-76
206,113,-84
192,73,-119
118,3,-159
-1,-62,-240
-82,-68,-280
-154,-50,-312
-170,-59,-331
-181,-44,-345
-206,-34,-341
-201,-21,-357
-248,-14,-367
-257,1,-355
-267,8,-348
-251,0,-336
-284,3,-384
-307,41,-358
-368,167,-251
-348,183,-208
-356,194,-235
-384,240,-218
-375,278,-213
-384,341,-242
-363,391,-211
-282,526,-168
-169,578,-117
-12,609,-74
1,602,-67
7,607,-65
57,618,-72
118,611,-69
275,505,-81
352,417,-124
365,372,-133
379,347,-130
384,305,-173
402,266,-235
426,224,-303
424,190,-381
399,179,-423
368,152,-466
354,145,-497
291,86,-547
230,68,-589
190,57,-610
116,59,-636
46,75,-658
-46,97,-672
-102,91,-657
-183,115,-641
-222,133,-603
-260,142,-594
-311,167,-546
-316,172,-523
-352,176,-471
-382,203,-438
-374,212,-402
-379,217,-383
-386,239,-355
-388,248,-329
-402,255,-315
-395,251,-294
-375,246,-279
-382,264,-258
-379,271,-240
-375,249,-261
-370,244,-246
-366,219,-270
-366,219,-301
-370,201,-318
-368,170,-365
-368,156,-410
-343,156,-462
-305,147,-495
-285,149,-559
-253,145,-587
-228,131,-629
-178,152,-653
-149,167,-691
-91,192,-712
-57,226,-714
3,258,-728
43,273,-728
122,348,-717
167,357,-702
217,400,-674
219,449,-651
242,458,-650
255,503,-610
244,521,-606
228,541,-598
217,569,-570
192,602,-577
165,622,-558
134,602,-577
115,611,-561
89,636,-572
66,620,-573
57,622,-575
50,600,-592
68,600,-620
59,598,-608
57,593,-610
86,568,-610
118,568,-620
145,530,-629
194,496,-624
213,480,-629
271,426,-611
307,372,-580
323,316,-575
345,291,-568
341,244,-554
311,195,-566
320,179,-561
316,165,-551
318,199,-542
330,187,-558
320,190,-565
330,219,-554
339,249,-570
343,253,-570
359,284,-568
359,334,-547
370,413,-506
359,456,-492
375,505,-428
366,543,-402
365,577,-355
339,591,-358
343,595,-331
330,629,-291
325,613,-261
354,552,-220
399,453,-190
384,381,-124
379,350,-112
341,327,-86
347,311,-91
329,293,-84
318,228,-98
305,219,-97
293,178,-102
278,131,-123
271,109,-140
258,107,-145
271,98,-143
273,93,-183
289,84,-178
303,95,-185
309,115,-197
325,134,-168
312,143,-169
323,187,-145
312,190,-145
311,199,-126
312,208,-138
294,222,-121
294,251,-124
316,269,-104
300,264,-102
309,280,-117
327,309,-114
325,314,-123
332,296,-112
314,224,-147
325,192,-168
298,122,-187
262,50,-211
187,-3,-232
98,-59,-258
-64,-75,-270
-109,-70,-289
-172,-39,-284
-242,-1,-282
-231,-5,-289
-221,-8,-338
-212,-35,-367
-212,-21,-367
-231,-23,-372
-224,-12,-397
-237,3,-426
-246,-1,-438
-280,39,-457
-287,28,-481
-282,55,-497
-278,55,-525
-296,98,-521
-312,125,-530
-327,161,-533
-309,169,-568
-298,165,-582
-275,170,-601
-273,197,-610
-276,280,-637
-282,372,-625
-280,496,-579
-244,625,-478
-187,704,-398
-136,712,-391
-116,742,-386
-102,735,-365
-70,764,-379
-19,742,-393
35,744,-402
100,744,-409
118,733,-412
142,721,-414
187,704,-381
181,721,-376
179,744,-367
228,699,-410
258,661,-440
284,632,-468
282,602,-483
296,613,-487
298,561,-502
332,490,-563
318,472,-580
314,487,-577
314,487,-570
320,420,-599
329,386,-591
332,354,-591
334,345,-582
352,330,-579
354,289,-563
341,262,-585
334,230,-558
336,217,-573
289,181,-591
264,170,-601
249,145,-622
230,107,-599
194,93,-617
120,26,-615
57,10,-603
-46,17,-610
-124,23,-577
-244,100,-547
-294,115,-509
-318,142,-494
-361,167,-449
-375,192,-421
-382,231,-376
-381,244,-339
-386,257,-292
-388,251,-273
-365,217,-265
-354,195,-247
-343,185,-227
-318,142,-223
-318,127,-234
-298,104,-235
-309,89,-277
-249,8,-303
-206,-30,-338
-222,-21,-350
-195,-34,-383
-143,-50,-426
-48,-70,-476
21,-61,-506
-68,7,-585
-71,50,-624
-37,59,-653
0,93,-690
28,104,-686
35,115,-690
26,149,-684
88,149,-716
124,170,-691
203,206,-674
237,226,-655
285,260,-629
311,289,-629
318,296,-615
318,318,-605
347,343,-598
325,336,-605
316,284,-606
113,66,-653
3,14,-624
25,0,-634
88,19,-636
68,10,-620
21,-17,-589
-7,-71,-544
-68,-79,-502
-95,-77,-483
-115,-86,-468
-100,-97,-464
-129,-86,-447
-104,-107,-405
-93,-122,-388
-98,-116,-317
-113,-109,-265
-111,-71,-201
-147,-28,-169
-158,-3,-145
-194,57,-124
-188,80,-95
-222,147,-69
-213,199,-39
-204,251,-27
-195,242,-12
-210,188,-43
-203,145,-60
-152,106,-67
-122,100,-58
-111,89,-55
-89,82,-55
-84,66,-64
-50,28,-83
-1,26,-84
14,17,-107
39,21,-114
80,30,-112
140,68,-100
165,57,-107
161,64,-124
201,68,-121
201,82,-110
246,109,-164
291,93,-194
294,57,-239
311,80,-254
314,66,-282
320,64,-294
316,57,-353
307,41,-403
311,48,-438
249,34,-504
219,50,-547
185,52,-601
118,57,-637
89,89,-669
50,115,-679
26,145,-702
28,172,-717
-1,206,-709
-16,260,-722
-35,302,-728
-19,368,-733
16,436,-712
53,499,-679
62,544,-657
106,555,-639
147,614,-599
172,604,-582
228,616,-542
258,614,-520
293,609,-462
327,600,-454
352,543,-440
375,534,-445
408,490,-417
426,436,-431
429,404,-424
422,321,-421
435,291,-433
424,226,-388
426,192,-407
415,124,-358
393,95,-345
379,98,-324
370,82,-291
361,84,-272
366,104,-246
356,125,-214
374,129,-208
370,133,-208
354,138,-213
356,183,-197
354,188,-175
370,204,-183
379,239,-195
374,230,-197
370,240,-208
379,246,-199
382,260,-185
384,273,-208
393,271,-223
397,239,-254
402,176,-339
390,138,-376
361,98,-400
356,97,-409
338,93,-440
330,79,-454
332,98,-466
318,88,-504
278,84,-518
237,71,-551
190,53,-589
156,70,-618
147,71,-634
107,75,-627
106,109,-674
122,122,-658
104,143,-679
104,169,-690
97,154,-686
80,145,-695
84,124,-688
91,109,-681
70,116,-663
86,107,-686
98,95,-663
88,102,-663
41,95,-670
-71,125,-658
-125,129,-651
-151,151,-648
-174,185,-646
-194,204,-644
-239,257,-632
-260,303,-632
-269,381,-620
-275,440,-601
-249,516,-570
-224,541,-566
-204,586,-551
-167,623,-556
-134,641,-542
-88,659,-546
-50,650,-561
-10,658,-544
41,677,-542
80,652,-549
136,647,-527
178,638,-528
221,620,-511
217,598,-518
260,569,-518
285,562,-514
298,517,-506
327,496,-509
341,463,-520
343,462,-511
347,436,-525
347,418,-521
365,422,-507
327,445,-530
307,501,-532
258,539,-533
203,587,-549
129,600,-596
41,587,-629
-52,512,-660
-151,388,-679
-172,312,-690
-152,239,-684
-174,210,-674
-187,179,-662
-203,160,-653
-203,174,-663
-199,174,-650
-190,169,-641
-208,161,-634
-221,178,-629
-276,183,-603
-282,167,-605
-262,115,-579
-258,71,-558
-266,43,-537
-249,12,-514
-251,17,-499
-242,5,-507
-237,7,-488
-221,-41,-462
-190,-50,-440
-165,-97,-391
-169,-89,-353
-145,-95,-331
-174,-77,-279
-149,-80,-247
-147,-86,-239
-118,-79,-246
-113,-98,-286
-115,-89,-343
-125,-93,-440
-154,-71,-443
-158,-71,-471
-178,-34,-507
-178,-41,-528
-179,-21,-509
-190,-35,-502
-204,-10,-513
-204,10,-544
-197,21,-540
-231,59,-566
-206,95,-615
-185,124,-636
-181,134,-643
-158,165,-679
-151,222,-707
-169,269,-683
-185,296,-681
-181,289,-674
-129,284,-700
-124,271,-695
-116,264,-709
-120,257,-695
-86,266,-714
-61,287,-717
-17,327,-717
21,359,-721
39,363,-728
64,391,-700
109,426,-691
165,442,-672
190,449,-655
237,478,-613
276,481,-599
321,519,-532
327,553,-495
334,546,-440
341,571,-395
341,578,-371
312,629,-336
312,614,-298
296,631,-268
298,625,-239
253,652,-227
240,654,-204
233,668,-187
206,667,-175
201,668,-183
194,697,-159
179,672,-159
156,681,-136
131,688,-150
124,688,-154
95,695,-123
88,699,-109
59,681,-112
50,683,-104
19,685,-95
5,659,-102
1,688,-78
8,670,-84
-3,679,-90
-8,659,-64
-1,656,-71
5,670,-71
1,649,-71
7,661,-76
17,650,-62
43,636,-72
89,661,-69
107,636,-79
149,645,-84
156,641,-91
224,634,-112
273,593,-128
289,580,-147
325,544,-161
341,525,-190
399,481,-228
406,471,-256
420,435,-270
404,426,-320
431,420,-364
404,411,-383
408,418,-414
384,445,-471
379,444,-476
361,480,-528
316,503,-554
222,561,-579
188,566,-601
118,596,-603
82,618,-589
46,625,-599
12,645,-580
0,643,-579
-21,647,-582
-32,658,-579
-66,659,-556
-88,652,-556
-106,663,-525
-124,649,-528
-138,656,-521
-165,665,-506
-174,656,-473
-199,663,-469
-201,679,-447
-195,677,-428
-185,692,-417
-195,692,-397
-194,715,-371
-179,697,-329
-178,710,-317
-176,715,-315
-192,688,-292
-210,674,-286
-235,663,-282
-264,652,-279
-253,674,-289
-271,649,-296
-257,659,-306
-280,650,-312
-298,622,-329
-343,573,-358
-370,507,-371
-366,485,-409
-374,481,-416
-368,501,-407
-374,449,-426
-390,426,-435
-386,361,-445
-399,356,-457
-384,381,-443
-386,354,-421
-388,352,-436
-402,334,-433
-404,336,-421
-411,365,-376
-397,375,-386
-395,442,-346
-341,528,-291
-311,587,-230
-302,568,-221
-287,568,-194
-276,561,-173
-275,559,-150
-235,544,-126
-257,519,-119
-267,426,-98
-300,375,-98
-307,300,-98
-271,224,-95
-233,158,-107
-226,133,-114
-190,104,-100
-167,88,-109
-133,75,-97
-111,79,-100
-93,61,-86
-43,53,-76
-28,53,-76
-8,55,-74
35,39,-90
70,52,-95
118,46,-100
131,48,-119
195,41,-150
204,61,-156
235,77,-164
266,71,-208
276,71,-235
302,71,-280
323,82,-294
339,88,-341
321,88,-338
348,89,-402
332,91,-424
332,106,-442
329,95,-480
321,106,-504
303,113,-525
266,104,-537
260,120,-566
249,120,-577
251,129,-585
244,158,-603
251,169,-613
242,206,-625
240,244,-644
222,327,-662
204,348,-655
188,397,-670
181,433,-674
152,469,-660
140,492,-658
133,503,-641
125,528,-627
122,546,-617
131,573,-622
134,580,-608
129,571,-589
151,596,-579
195,566,-577
273,532,-544
291,503,-527
354,469,-518
354,408,-494
386,357,-469
400,307,-459
391,233,-454
379,192,-442
359,97,-433
206,-41,-414
106,-80,-410
30,-95,-442
-39,-93,-436
-109,-80,-449
-170,-34,-442
-242,5,-483
-284,32,-485
-336,124,-487
-359,208,-481
-361,264,-514
-343,390,-504
-329,465,-507
-282,569,-476
-242,605,-466
-161,697,-443
-109,706,-410
-106,703,-390
-34,728,-362
34,749,-355
62,735,-317
80,742,-289
89,722,-260
116,710,-247
147,712,-225
165,690,-218
169,672,-201
188,649,-171
197,650,-180
206,631,-168
217,623,-157
210,620,-150
213,620,-116
203,605,-140
224,602,-126
210,598,-116
212,611,-114
210,616,-126
188,602,-123
190,622,-121
181,631,-136
178,623,-136
179,643,-124
174,645,-126
176,661,-156
151,679,-156
140,661,-166
127,695,-182
102,706,-192
79,712,-214
55,739,-230
14,744,-270
-88,742,-286
-165,715,-312
-190,704,-374
-215,672,-412
-273,593,-447
-293,566,-483
-267,526,-514
-285,458,-556
-260,436,-594
-244,370,-627
-237,330,-648
-187,255,-662
-143,222,-683
-98,181,-695
-55,134,-705
-23,124,-684
1,102,-674
57,79,-658
73,66,-643
136,64,-627
183,50,-606
215,50,-565
239,48,-563
266,64,-516
282,44,-507
291,53,-485
312,43,-454
336,62,-410
343,66,-386
332,66,-362
336,73,-334
320,53,-308
300,37,-272
293,37,-265
267,23,-247
231,16,-213
224,-1,-199
208,3,-187
210,8,-188
197,10,-183
194,35,-169
221,34,-147
206,44,-161
194,43,-159
201,50,-135
213,66,-130
212,50,-138
215,43,-131
208,50,-145
219,53,-131
217,70,-123
235,52,-133
235,55,-161
257,73,-157
276,79,-194
300,91,-185
311,102,-175
334,111,-214
330,100,-228
325,77,-265
330,75,-284
339,59,-324
320,50,-364
298,7,-374
273,0,-419
246,12,-442
217,-5,-494
172,-10,-523
102,-16,-573
102,-5,-587
37,30,-625
-14,50,-634
-91,77,-660
-192,142,-650
-240,222,-634
-291,305,-617
-280,370,-589
-280,442,-554
-280,514,-527
-257,591,-487
-228,627,-421
-237,647,-402
-217,652,-362
-199,674,-306
-176,676,-280
-156,692,-234
-143,690,-218
-122,676,-187
-113,677,-157
-100,654,-128
-82,654,-121
-55,634,-91
-61,629,-83
-37,623,-60
-26,609,-60
-34,595,-64
-23,580,-50
-19,580,-46
5,577,-39
5,577,-50
17,575,-17
23,598,-39
43,614,-48
35,632,-76
7,668,-121
-66,688,-164
-158,694,-221
-320,575,-305
-350,454,-369
-377,395,-457
-345,348,-478
-330,316,-527
-316,287,-554
-302,255,-572
-255,208,-620
-203,199,-636
-120,160,-691
-68,147,-693
32,129,-683
131,142,-684
194,151,-662
258,158,-641
296,170,-598
336,156,-549
338,154,-527
370,129,-468
350,98,-431
325,41,-400
296,19,-369
266,-3,-336
246,-12,-296
226,-32,-280
138,-62,-268
88,-77,-240
12,-77,-220
-32,-75,-225
-124,-41,-223
-187,-7,-232
-242,34,-254
-359,129,-242
-379,210,-261
-402,341,-253
-366,485,-256
-284,618,-260
-253,638,-261
-244,668,-291
-228,692,-317
-206,699,-348
-163,710,-372
-161,715,-402
-136,708,-457
-97,701,-478
-50,701,-533
-32,676,-558
-7,636,-579
-8,616,-611
-1,602,-629
61,553,-651
82,525,-658
142,469,-670
143,460,-669
183,435,-676
197,413,-662
235,433,-653
242,408,-636
242,411,-639
267,415,-629
275,451,-611
287,463,-596
264,476,-584
282,483,-584
257,505,-570
276,517,-582
255,535,-561
280,510,-540
271,548,-546
282,548,-521
275,537,-546
289,534,-525
298,550,-516
273,532,-520
293,530,-518
253,569,-525
244,578,-537
221,580,-539
217,595,-535
183,607,-554
156,598,-549
161,589,-565
160,598,-566
147,596,-575
122,596,-582
131,595,-584
125,571,-579
111,600,-603
95,587,-594
93,586,-599
70,584,-618
62,569,-622
46,571,-624
26,569,-639
23,537,-643
23,548,-653
10,571,-637
30,605,-594
73,623,-559
118,640,-540
215,618,-457
303,577,-442
375,505,-400
395,438,-388
427,348,-364
411,278,-345
375,152,-331
354,80,-355
307,37,-362
244,-10,-377
204,-35,-402
143,-64,-423
86,-64,-464
21,-35,-530
-10,-32,-561
-30,-5,-587
-59,19,-625
-61,46,-627
-66,41,-629
-52,59,-632
-32,43,-641
-14,46,-634
50,43,-634
109,23,-615
169,53,-613
233,86,-579
275,109,-566
361,152,-518
382,203,-487
411,260,-452
418,318,-421
415,390,-403
372,512,-383
287,650,-364
174,728,-348
84,746,-320
-55,760,-310
-197,701,-322
-248,654,-318
-258,650,-312
-282,631,-327
-336,577,-345
-348,507,-350
-393,447,-372
-386,372,-414
-384,287,-454
-350,217,-494
-320,165,-530
-280,136,-547
-255,118,-561
-224,106,-605
-188,91,-615
-156,124,-632
-149,106,-636
-100,100,-665
-104,122,-679
-93,129,-690
-71,172,-683
-73,149,-677
-70,160,-691
-84,167,-688
-59,174,-684
-64,187,-686
-79,187,-700
-64,172,-693
-79,208,-669
-61,197,-690
-80,188,-677
-91,192,-688
-84,178,-684
-113,185,-677
-129,194,-665
-188,203,-670
-228,235,-622
-262,251,-617
-316,291,-572
-338,334,-554
-341,370,-530
-341,391,-506
-357,397,-490
-368,397,-501
-345,395,-485
-341,377,-506
-356,334,-513
-345,323,-523
-338,320,-516
-330,291,-513
-327,291,-547
-318,285,-556
-311,278,-566
-300,260,-584
-289,253,-601
-289,242,-618
-280,233,-620
-264,246,-622
-273,194,-610
-305,194,-565
-332,156,-521
-348,136,-495
-341,129,-509
-341,107,-471
-332,102,-469
-318,91,-466
-334,68,-454
-327,46,-429
-316,35,-433
-302,14,-388
-302,3,-364
-302,32,-353
-316,21,-312
-339,30,-310
-391,154,-266
-411,239,-244
-388,298,-204
-399,312,-201
-379,314,-185
-381,298,-173
-375,278,-185
-368,264,-175
-352,244,-176
-375,314,-182
-300,512,-147
-302,503,-128
-296,508,-136
-303,505,-136
-293,519,-147
-300,490,-147
-327,481,-166
-323,489,-197
-343,523,-244
-370,507,-280
-366,485,-301
-365,480,-303
-379,429,-348
-395,435,-353
-384,427,-353
-397,404,-376
-402,370,-384
-388,388,-367
-391,381,-388
-388,341,-409
-381,284,-412
-400,296,-435
-384,269,-450
-363,262,-450
-381,230,-468
-359,237,-468
-379,213,-473
-365,210,-462
-368,199,-459
-363,183,-457
-359,158,-454
-357,167,-442
-359,147,-433
-354,145,-431
-357,167,-435
-357,142,-410
-354,127,-400
-368,134,-390
-368,134,-372
-366,140,-346
-363,125,-353
-370,118,-336
-365,131,-341
-359,169,-339
-359,179,-325
-384,204,-329
-379,228,-327
-404,239,-296
-393,257,-313
-395,298,-312
-393,361,-289
-379,411,-279
-395,445,-277
-323,546,-260
-224,641,-234
-176,679,-246
-194,679,-239
-127,692,-223
-118,712,-201
-120,695,-240
-106,706,-223
-122,715,-211
-106,713,-216
-84,731,-237
-70,717,-237
-41,739,-237
-17,751,-253
1,746,-268
5,756,-258
12,753,-268
21,748,-291
30,767,-303
61,758,-291
75,773,-270
82,740,-280
127,753,-282
120,774,-265
102,746,-268
102,767,-275
113,764,-282
79,748,-294
71,773,-280
52,760,-286
-7,762,-284
-82,755,-291
-122,737,-284
-147,704,-273
-197,683,-284
-221,692,-292
-237,676,-312
-237,668,-315
-262,654,-305
-291,622,-301
-309,604,-301
-327,589,-305
-336,559,-348
-377,517,-350
-354,508,-383
-354,480,-431
-363,510,-436
-354,476,-469
-341,449,-488
-339,426,-507
-323,442,-523
-302,424,-540
-311,418,-577
-293,393,-584
-296,365,-591
-280,345,-610
-257,361,-618
-240,377,-631
-248,377,-637
-235,382,-639
-224,393,-639
-210,393,-646
-221,408,-657
-213,422,-653
-213,426,-632
-187,417,-648
-203,426,-639
-217,418,-643
-210,400,-657
-215,391,-644
-224,400,-646
-203,397,-643
-208,374,-662
-215,363,-655
-208,381,-658
-208,352,-672
-195,347,-653
-201,334,-644
-201,363,-644
-204,356,-658
-215,381,-634
-224,368,-611
-253,365,-622
-282,379,-605
-278,386,-587
-278,400,-601
-300,390,-559
-314,404,-570
-300,400,-556
-303,408,-566
-311,426,-556
-307,433,-528
-296,462,-532
-314,483,-514
-316,496,-506
-271,577,-480
-192,652,-466
-161,661,-471
-129,694,-440
-107,701,-436
-86,708,-419
-46,722,-433
-39,722,-433
-39,708,-457
-8,717,-473
-21,704,-471
-10,701,-506
8,688,-507
-5,699,-525
1,674,-535
3,686,-551
-5,659,-546
-19,659,-570
-37,645,-566
-34,652,-580
-64,647,-585
-102,649,-577
-134,641,-542
-190,650,-523
-204,629,-506
-291,589,-475
-302,557,-475
-356,499,-475
-345,478,-464
-359,453,-485
-347,408,-518
-343,375,-532
-347,339,-539
-350,311,-563
-345,327,-540
-334,280,-582
-316,222,-551
-336,185,-546
-372,174,-494
-366,169,-481
-356,136,-468
-354,134,-487
-368,131,-494
-356,143,-478
-357,124,-459
-391,151,-416
-404,170,-393
-408,185,-379
-424,237,-364
-426,285,-348
-397,296,-289
-406,330,-270
-399,338,-239
-400,339,-230
-366,356,-204
-382,357,-206
-375,400,-213
-365,408,-213
-370,442,-214
-377,431,-232
-390,411,-254
-391,417,-249
-386,433,-237
-377,438,-235
-379,433,-234
-381,442,-246
-388,427,-235
-372,454,-240
-370,467,-253
-370,471,-249
-366,492,-266
-341,507,-242
-365,498,-268
-356,510,-277
-352,525,-280
-359,532,-266
-375,537,-268
-338,561,-287
-330,557,-298
-365,541,-299
-400,519,-306
-388,514,-318
-390,490,-299
-386,494,-292
-395,481,-294
-406,467,-305
-400,436,-310
-393,426,-334
-400,411,-320
-411,390,-338
-406,359,-350
-413,341,-360
-420,345,-371
-406,309,-384
-406,302,-402
-409,262,-426
-390,278,-435
-379,257,-462
-390,267,-459
-390,293,-487
-381,280,-492
-368,260,-490
-357,246,-528
-338,258,-561
-302,287,-579
-291,320,-610
-282,336,-611
-273,316,-610
-296,300,-580
-309,273,-558
-309,222,-533
-338,183,-485
-332,149,-476
-379,156,-410
-366,179,-388
-339,138,-397
-356,133,-391
-368,149,-376
-374,154,-388
-341,151,-388
-361,127,-410
-348,172,-433
-336,138,-462
-311,127,-494
-309,107,-495
-302,104,-502
-273,93,-502
-257,55,-521
-212,46,-575
-120,8,-591
-75,7,-599
-129,0,-585
-154,14,-596
-163,41,-570
-156,37,-598
-151,46,-599
-179,35,-579
-199,44,-580
-195,52,-573
-204,53,-568
-197,50,-582
-206,62,-594
-210,73,-573
-213,52,-566
-208,43,-575
-228,48,-559
-260,77,-559
-169,39,-589
-154,39,-603
-118,35,-617
-100,7,-589
-61,3,-606
-17,0,-610
1,5,-608
3,3,-620
19,26,-632
57,21,-637
71,50,-644
97,64,-651
120,106,-674
165,136,-662
230,215,-651
246,253,-650
294,298,-631
307,325,-615
302,352,-599
293,386,-608
309,420,-589
291,460,-599
273,456,-606
264,487,-587
242,487,-591
233,496,-589
235,501,-591
246,501,-573
248,507,-585
262,489,-585
282,462,-570
302,431,-561
334,391,-547
354,329,-546
347,282,-535
321,185,-535
289,131,-542
300,120,-549
293,91,-521
284,93,-527
280,89,-523
296,77,-539
318,91,-532
305,107,-516
314,102,-535
303,124,-542
302,115,-533
262,35,-509
181,-8,-507
203,-26,-514
120,-84,-421
7,-111,-391
-48,-98,-358
-124,-95,-345
-201,-46,-336
-255,-14,-280
-240,-14,-277
-239,-12,-261
-253,-5,-261
-249,1,-227
-237,17,-218
-249,37,-195
-255,53,-162
-253,70,-164
-345,251,-135
-316,420,-97
-311,415,-81
-298,431,-76
-269,492,-76
-251,517,-86
-240,543,-86
-248,553,-97
-240,571,-110
-248,571,-128
-248,578,-128
-271,620,-171
-276,618,-208
-278,609,-254
-312,600,-277
-318,584,-324
-338,543,-371
-329,541,-376
-343,512,-383
-374,503,-409
-357,465,-417
-365,469,-414
-375,429,-407
-399,413,-391
-391,409,-395
-384,417,-357
-393,404,-338
-382,390,-331
-402,399,-315
-395,391,-329
-393,390,-324
-384,402,-325
-397,397,-317
-406,388,-322
-399,413,-315
-406,402,-346
-409,424,-336
-393,415,-338
-381,463,-353
-374,478,-350
-377,474,-353
-359,507,-374
-336,548,-365
-305,593,-339
-285,613,-345
-276,629,-318
-264,623,-324
-257,649,-320
-248,647,-305
-237,668,-284
-221,677,-275
-215,676,-256
-215,694,-228
-226,679,-225
-224,685,-265
-188,703,-258
-167,717,-265
-160,713,-254
-140,715,-270
-152,742,-254
-143,740,-256
-147,730,-287
-134,739,-292
-147,744,-308
-165,730,-308
-213,706,-279
-215,708,-294
-201,708,-318
-187,697,-315
-197,719,-322
-213,692,-299
-226,676,-305
-255,661,-298
-275,641,-299
-305,618,-308
-302,600,-318
-316,600,-312
-320,593,-339
-305,596,-346
-312,589,-360
-321,562,-383
-332,544,-379
-332,544,-407
-320,535,-450
-327,510,-447
-341,474,-478
-334,485,-478
-354,465,-507
-312,445,-520
-294,445,-547
-285,400,-584
-282,382,-608
-255,384,-617
-244,381,-624
-219,363,-627
-240,366,-627
-224,368,-643
-215,352,-665
-210,375,-667
-206,372,-653
-203,339,-653
-201,320,-651
-226,323,-658
-212,309,-644
-233,298,-644
-226,302,-641
-230,287,-624
-264,275,-618
-266,248,-596
-293,249,-584
-285,249,-587
-305,255,-572
-298,291,-568
-314,300,-570
-327,334,-561
-325,386,-542
-330,402,-551
-302,499,-537
-282,541,-494
-222,607,-495
-179,625,-492
-120,656,-497
-82,679,-509
-39,686,-516
17,697,-506
46,694,-485
95,667,-511
115,672,-509
95,659,-528
75,665,-523
55,688,-532
-25,665,-558
-77,652,-559
-172,604,-558
-231,573,-556
-318,447,-532
-341,388,-533
-354,325,-525
-368,296,-494
-372,271,-504
-365,224,-518
-365,228,-497
-366,212,-499
-350,224,-507
-356,208,-502
-343,192,-507
-356,230,-492
-393,336,-473
-386,321,-435
-393,311,-442
-388,330,-450
-388,323,-475
-388,323,-475
-400,332,-462
-386,329,-459
-388,298,-492
-375,282,-504
-361,264,-490
-365,195,-494
-359,176,-488
-368,181,-466
-365,160,-466
-363,158,-478
-350,134,-462
-363,143,-454
-377,147,-429
-413,158,-381
-409,201,-332
-415,224,-292
-409,240,-301
-413,248,-277
-400,253,-240
-417,276,-228
-399,316,-225
-415,343,-206
-391,348,-194
-379,368,-161
-377,377,-152
-372,372,-164
-375,400,-164
-374,409,-169
-356,424,-169
-365,444,-178
-356,438,-166
-356,435,-173
-339,433,-161
-336,444,-147
-325,436,-119
-336,440,-126
-314,454,-102
-309,424,-86
-307,375,-105
-330,320,-114
-336,282,-126
-352,258,-145
-359,258,-159
-359,233,-187
-368,239,-188
-381,233,-197
-363,194,-228
-390,195,-268
-395,179,-322
-381,161,-318
-393,181,-358
-397,163,-390
-382,145,-424
-363,179,-447
-370,219,-495
-339,217,-542
-343,242,-549
-325,267,-570
-312,266,-579
-300,296,-580
-291,298,-613
-280,316,-624
-267,311,-622
-280,338,-624
-269,334,-613
-260,365,-629
-257,375,-632
-240,391,-624
-244,374,-627
-264,382,-618
-271,350,-598
-273,334,-610
-291,338,-592
-309,370,-596
-303,365,-584
-289,444,-584
-248,517,-561
-161,607,-537
-77,659,-542
57,668,-509
106,663,-504
208,643,-468
273,611,-457
318,566,-449
357,501,-445
372,440,-459
382,368,-462
400,336,-452
381,244,-457
381,194,-447
345,122,-454
309,93,-457
309,64,-478
226,10,-485
178,-1,-497
106,-44,-518
44,-52,-528
-30,-41,-521
-75,-35,-513
-120,-16,-525
-165,-21,-492
-188,5,-473
-210,5,-483
-206,-5,-466
-190,-25,-450
-165,-57,-429
-102,-62,-403
-68,-71,-409
-39,-89,-416
32,-79,-416
62,-73,-424
188,-37,-438
237,-14,-443
276,57,-475
300,84,-494
318,138,-514
343,235,-539
320,266,-568
309,334,-589
305,363,-592
276,391,-610
287,406,-613
293,393,-601
303,386,-577
347,365,-546
374,312,-488
417,280,-447
411,210,-372
381,133,-325
320,68,-270
289,59,-234
253,52,-202
240,50,-176
215,43,-156
206,37,-130
190,64,-110
199,88,-102
208,111,-104
231,160,-105
276,190,-124
325,242,-140
382,365,-168
357,422,-188
366,463,-232
381,489,-253
365,526,-331
343,555,-351
300,587,-400
271,613,-417
284,593,-433
273,622,-464
271,598,-466
235,605,-476
215,618,-502
197,611,-516
206,627,-511
224,620,-501
222,614,-506
213,634,-480
194,661,-447
179,697,-429
199,681,-410
226,658,-374
266,643,-301
282,616,-272
309,589,-232
307,595,-209
296,566,-209
321,530,-188
339,498,-192
334,510,-218
359,525,-214
354,530,-261
345,550,-308
312,586,-367
287,632,-409
212,640,-461
158,636,-530
100,640,-540
30,627,-556
3,636,-558
-55,631,-577
-84,616,-584
-134,620,-566
-170,591,-553
-192,584,-559
-221,541,-546
-242,534,-553
-230,521,-565
-240,503,-579
-260,440,-594
-300,390,-594
-336,393,-546
-361,368,-501
-374,341,-516
-359,273,-509
-356,219,-509
-334,122,-506
-321,98,-501
-296,52,-490
-316,50,-471
-316,43,-447
-314,34,-407
-330,50,-426
-363,104,-364
-386,142,-320
-417,258,-277
-411,329,-240
-391,345,-201
-393,379,-206
-379,408,-192
-375,451,-209
-357,472,-188
-366,496,-201
-341,499,-214
-347,505,-199
-330,521,-201
-329,523,-209
-354,494,-216
-356,510,-228
-374,456,-242
-379,465,-254
-374,463,-273
-377,442,-298
-400,429,-324
-404,426,-320
-411,368,-345
-397,361,-348
-395,334,-364
-404,307,-372
-413,284,-395
-395,255,-384
-381,233,-391
-382,217,-414
-381,187,-426
-379,163,-438
-361,156,-438
-352,136,-450
-334,129,-450
-338,107,-454
-327,89,-471
-312,89,-457
-316,71,-443
-323,68,-426
-316,68,-426
-311,62,-417
-325,66,-424
-330,86,-419
-330,79,-405
-347,113,-403
-350,156,-400
-386,181,-390
-382,228,-390
-395,240,-381
-393,293,-362
-395,334,-339
-386,382,-341
-393,429,-331
-381,453,-318
-381,485,-315
-345,525,-322
-339,569,-355
-350,548,-341
-336,584,-317
-334,571,-315
-356,571,-270
-336,555,-258
-345,561,-253
-354,541,-254
-330,578,-291
-339,584,-272
-372,516,-279
-382,523,-292
-384,499,-284
-384,525,-294
-399,499,-301
-399,467,-318
-409,449,-318
-409,420,-322
-413,417,-336
-402,402,-343
-415,404,-338
-409,420,-367
-406,406,-371
-402,391,-391
-415,336,-397
-413,305,-381
-402,291,-374
-391,269,-398
-404,253,-403
-377,237,-447
-381,208,-450
-365,203,-469
-365,188,-483
-343,203,-494
-312,176,-513
-314,156,-539
-309,154,-544
-307,174,-542
-294,179,-565
-280,179,-579
-262,151,-579
-289,181,-580
-285,192,-563
-282,178,-570
-266,204,-620
-251,212,-610
-235,217,-629
-246,235,-618
-249,249,-615
-231,228,-618
-221,185,-618
-163,138,-632
-124,124,-643
-43,115,-658
5,120,-674
50,118,-690
138,167,-674
208,201,-648
276,276,-631
303,303,-608
338,356,-568
345,399,-544
361,429,-532
347,483,-483
339,501,-476
332,530,-449
332,555,-424
323,568,-433
311,580,-428
321,591,-417
320,575,-402
309,582,-409
305,596,-402
293,602,-386
300,616,-376
296,605,-376
298,614,-384
293,602,-379
284,618,-395
275,616,-390
280,618,-391
269,636,-402
276,622,-402
285,627,-407
275,609,-428
275,620,-414
276,600,-423
291,604,-440
293,602,-435
296,573,-445
294,578,-447
293,573,-462
303,562,-449
294,561,-475
327,525,-454
327,517,-471
343,512,-459
343,523,-462
339,490,-466
343,494,-473
365,508,-476
347,494,-466
361,490,-445
345,503,-464
343,494,-466
356,496,-461
348,510,-433
356,514,-436
350,505,-431
341,528,-419
327,528,-426
345,535,-436
341,546,-412
341,568,-409
338,550,-412
341,557,-402
320,550,-416
311,552,-403
320,575,-398
325,562,-403
330,578,-405
330,586,-395
314,573,-393
320,571,-377
320,575,-381
338,578,-364
323,593,-322
332,580,-310
393,408,-227
379,372,-195
370,352,-173
374,341,-149
350,339,-150
345,323,-121
357,300,-130
368,325,-133
348,287,-138
350,293,-123
329,293,-112
336,228,-123
311,239,-102
291,255,-69
287,251,-76
282,275,-53
302,298,-79
318,293,-53
293,278,-46
278,275,-36
291,266,-45
280,266,-38
291,215,-48
267,188,-50
244,165,-62
172,35,-110
-374,129,-402
-359,258,-523
-363,280,-551
-361,239,-525
-382,228,-511
-366,248,-544
-327,233,-565
-325,228,-563
-314,231,-584
-305,244,-599
-296,293,-632
-302,323,-617
-334,377,-589
-357,343,-549
-370,323,-551
-361,336,-556
-365,329,-553
-348,320,-544
-359,320,-554
-343,347,-563
-348,363,-558
-365,379,-546
-379,350,-518
-384,370,-516
-409,359,-495
-395,356,-471
-368,379,-480
-375,343,-490
-384,323,-481
-382,321,-459
-390,303,-455
-390,282,-442
-395,287,-433
-379,307,-421
-397,289,-400
-408,285,-403
-404,293,-386
-395,273,-395
-384,280,-391
-391,269,-391
-386,249,-386
-377,244,-402
-384,233,-419
-370,237,-433
-370,215,-433
-361,210,-449
-361,185,-462
-341,158,-478
-323,133,-481
-318,113,-469
-325,95,-480
-294,79,-475
-278,59,-480
-276,39,-464
-276,21,-468
-239,-5,-455
-257,-5,-431
-260,16,-403
-267,-16,-393
-266,0,-388
-291,3,-364
-284,25,-350
-321,55,-317
-309,68,-301
-314,91,-279
-348,115,-256
-325,134,-254
-338,143,-260
-341,165,-246
-357,203,-234
-366,201,-242
-356,208,-249
-375,239,-237
-359,248,-253
-375,264,-240
-379,293,-247
-382,321,-247
-395,316,-266
-406,352,-280
-391,374,-273
-388,402,-287
-393,411,-296
-393,433,-324
-377,460,-357
-363,485,-405
-366,492,-443
-348,507,-499
-305,532,-527
-311,534,-535
-271,534,-559
-206,566,-587
-203,580,-580
-154,593,-599
-127,605,-598
-154,582,-603
-201,525,-620
-224,490,-611
-201,499,-624
-187,503,-627
-181,498,-639
-165,499,-634
-197,485,-644
-210,458,-622
-226,460,-603
-226,474,-627
-248,449,-627
-249,444,-622
-233,449,-617
-228,476,-608
-230,471,-589
-231,483,-594
-237,471,-599
-231,490,-605
-219,485,-613
-226,492,-603
-251,453,-592
-244,463,-599
-240,467,-596
-258,481,-589
-233,499,-606
-246,483,-594
-226,503,-582
-224,501,-587
-213,508,-594
-208,510,-592
-242,487,-587
-260,440,-601
-275,422,-584
-285,429,-573
-300,447,-566
-300,436,-559
-285,418,-566
-293,393,-563
-298,399,-582
-289,350,-598
-287,345,-606
-275,357,-608
-276,348,-606
-267,343,-618
-251,341,-617
-235,343,-625
-248,352,-631
-224,329,-639
-222,338,-648
-233,330,-648
-228,336,-657
-224,329,-646
-231,339,-636
-244,341,-637
-242,336,-629
-260,336,-611
-285,332,-615
-293,347,-594
-298,370,-582
-314,365,-556
-312,352,-547
-320,348,-551
-321,347,-539
-336,332,-539
-332,325,-549
-327,320,-558
-327,298,-565
-298,291,-568
-309,294,-579
-278,278,-584
-305,280,-599
-305,298,-585
-302,356,-582
-278,429,-570
-280,478,-568
-231,566,-559
-185,595,-546
-120,649,-525
-26,681,-497
34,688,-487
154,690,-443
228,649,-435
327,561,-429
357,508,-438
381,453,-450
386,400,-476
399,327,-478
395,233,-488
354,199,-494
330,143,-509
293,116,-528
242,80,-553
199,55,-577
151,32,-572
102,26,-598
79,25,-599
39,43,-624
26,52,-639
12,70,-639
-1,66,-646
-37,80,-657
-44,84,-646
-59,98,-636
-73,88,-636
-102,88,-632
-129,122,-631
-151,136,-637
-167,163,-625
-188,156,-618
-199,167,-618
-239,174,-601
-249,185,-577
-285,181,-559
-307,167,-535
-327,154,-492
-318,142,-445
-323,71,-374
-334,68,-364
-300,62,-317
-296,66,-299
-312,61,-280
-285,52,-265
-287,53,-270
-273,32,-277
-258,17,-273
-212,-14,-291
-97,-71,-312
46,-97,-312
179,-61,-353
239,-23,-365
298,35,-384
318,62,-410
330,89,-457
334,133,-488
338,176,-523
336,246,-570
309,280,-582
235,429,-639
160,494,-653
84,498,-663
44,469,-660
-28,471,-683
-66,451,-688
-107,424,-669
-167,347,-677
-204,327,-662
-230,269,-641
-235,221,-625
-248,151,-596
-262,125,-585
-219,50,-575
-181,26,-577
-142,8,-577
-120,-12,-566
-84,-30,-566
-41,-12,-577
-10,-14,-582
17,-10,-592
43,10,-603
55,12,-591
80,16,-618
100,32,-606
118,35,-620
111,50,-603
95,44,-608
98,37,-605
61,43,-613
59,41,-622
41,52,-632
14,50,-627
-14,64,-644
-43,75,-631
-88,70,-632
-122,75,-627
-170,84,-622
-203,113,-618
-249,138,-573
-271,156,-566
-296,231,-556
-332,271,-546
-347,332,-525
-347,372,-494
-332,451,-476
-298,514,-475
-300,555,-449
-271,580,-438
-273,593,-440
-233,614,-436
-219,647,-423
-206,663,-386
-185,659,-390
-179,668,-381
-174,681,-365
-158,683,-332
-145,685,-306
-145,706,-282
-147,704,-318
-134,710,-324
-167,692,-320
-179,686,-350
-190,697,-353
-183,672,-353
-206,692,-379
-192,706,-376
-134,717,-365
-73,739,-358
-44,742,-341
7,730,-371
34,735,-383
41,724,-417
44,739,-417
52,724,-421
75,744,-409
84,731,-400
102,731,-358
120,717,-317
106,739,-230
125,708,-173
140,679,-152
151,632,-110
147,607,-65
154,564,-55
172,571,-65
194,546,-58
221,559,-84
235,566,-112
213,573,-119
237,589,-156
226,632,-204
228,652,-244
215,690,-280
197,683,-336
154,708,-371
115,712,-409
59,703,-466
26,674,-521
-19,645,-556
-95,613,-573
-172,578,-572
-230,557,-554
-262,503,-527
-318,498,-487
-334,496,-492
-345,514,-419
-320,571,-360
-294,618,-343
-296,620,-331
-305,604,-322
-300,609,-341
-273,650,-325
-228,677,-334
-203,688,-303
-172,701,-322
-140,722,-325
-109,749,-306
-39,740,-318
-5,767,-317
61,776,-329
113,756,-341
217,710,-362
305,640,-402
347,591,-400
365,559,-435
363,521,-450
379,516,-476
374,489,-506
356,438,-527
336,426,-559
312,409,-589
298,384,-613
275,372,-639
248,341,-665
204,323,-669
170,321,-688
156,293,-691
88,289,-719
44,271,-719
-34,253,-722
-82,226,-700
-122,233,-686
-176,201,-658
-206,178,-646
-240,161,-596
-275,160,-580
-276,143,-537
-296,124,-532
-312,133,-523
-312,136,-523
-320,140,-488
-329,156,-497
-330,151,-485
-338,158,-471
-352,165,-464
-341,161,-471
-329,138,-476
-329,149,-487
-309,154,-509
-258,147,-565
-199,163,-615
-170,195,-667
-127,239,-684
-80,260,-698
-7,327,-721
1,375,-729
8,458,-705
-64,517,-676
-86,553,-665
-136,607,-606
-169,596,-582
-219,636,-530
-242,638,-480
-276,640,-433
-280,632,-388
-294,629,-367
-298,622,-315
-300,634,-292
-289,609,-258
-305,607,-235
-311,559,-195
-320,514,-166
-327,460,-145
-345,427,-152
-343,379,-164
-382,303,-175
-365,278,-192
-379,271,-234
-391,258,-263
-404,235,-299
-370,240,-305
-397,275,-317
-390,307,-341
-399,330,-357
-395,334,-398
-377,338,-461
-359,427,-481
-330,435,-499
-294,481,-540
-255,499,-565
-240,499,-572
-235,516,-580
-219,521,-572
-170,562,-587
-131,559,-601
-113,555,-615
-97,557,-613
-106,541,-636
-71,543,-641
-59,537,-636
-46,535,-641
-23,530,-653
-5,508,-650
3,492,-665
-1,516,-667
7,507,-658
-3,503,-665
7,492,-669
1,498,-660
14,499,-665
14,507,-658
-1,508,-660
-1,519,-657
19,530,-653
5,523,-657
-5,498,-667
-5,472,-663
10,467,-672
21,496,-658
55,494,-670
116,490,-639
156,480,-643
185,447,-646
201,460,-648
208,420,-637
237,413,-637
226,406,-637
255,359,-634
248,327,-627
264,282,-632
240,248,-634
239,242,-632
217,221,-632
222,222,-641
228,253,-653
224,300,-660
199,382,-677
167,422,-663
163,476,-674
133,514,-655
106,544,-657
77,566,-643
57,578,-641
0,604,-637
-32,589,-631
-57,582,-637
-70,580,-615
-115,568,-624
-122,543,-627
-147,517,-648
-156,498,-643
-163,512,-650
-188,512,-629
-199,523,-622
-249,476,-611
-267,436,-584
-334,413,-572
-356,388,-544
-381,363,-499
-418,329,-438
-440,296,-379
-411,264,-341
-415,271,-306
-397,228,-272
-379,210,-223
-352,212,-183
-339,206,-140
-305,197,-107
-280,190,-86
-266,208,-58
-224,199,-60
-217,195,-12
-185,203,-26
-178,206,-5
-151,233,-10
-129,248,-6
-149,264,15
-152,253,15
-136,273,17
-122,273,13
-140,266,20
-106,275,22
-115,258,6
-107,258,10
-89,255,24
-84,228,22
-68,212,34
-57,215,27
-55,206,29
-34,221,19
-28,215,20
-50,190,27
-26,221,12
-26,199,26
-32,204,20
-34,188,19
-26,192,22
-12,195,15
-14,172,13
-1,188,15
-12,178,19
7,179,6
5,142,-8
7,143,-3
5,138,-1
-7,104,-10
-8,88,-29
-16,73,-26
-5,70,-36
-10,57,-48
-25,53,-55
-16,55,-64
-1,41,-57
-3,46,-45
1,48,-60
-7,50,-55
16,70,-53
7,68,-34
17,79,-31
7,118,-17
-14,140,-3
-25,158,13
-34,174,-1
-84,181,5
-118,208,0
-136,208,-13
-165,197,-13
-206,188,-26
-260,181,-74
-271,185,-81
-296,192,-130
-334,215,-159
-370,208,-204
-406,215,-235
-402,226,-260
-415,217,-317
-418,206,-341
-417,219,-364
-418,221,-393
-395,230,-426
-399,240,-461
-368,217,-473
-386,242,-469
-384,237,-468
-391,222,-495
-388,233,-471
-382,221,-449
-402,194,-433
-406,204,-402
-413,197,-371
-393,210,-313
-379,181,-296
-386,185,-268
-377,187,-232
-359,190,-208
-343,170,-171
-336,188,-147
-316,201,-117
-300,217,-109
-300,199,-95
-260,188,-95
-249,192,-74
-248,197,-62
-249,185,-64
-213,181,-50
-221,167,-36
-212,176,-41
-197,154,-31
-185,170,-43
-170,163,-26
-176,154,-34
-156,145,-32
-152,131,-29
-165,133,-38
-147,140,-31
-129,97,-38
-124,95,-39
-116,91,-53
-156,84,-64
-142,34,-81
-160,8,-133
-160,-16,-154
-195,-37,-192
-221,-26,-251
-240,-14,-291
-273,-28,-329
-293,1,-369
-329,41,-410
-350,102,-442
-365,131,-438
-372,124,-442
-375,113,-421
-336,70,-407
-323,43,-374
-291,3,-329
-289,16,-299
-278,34,-272
-266,17,-235
-208,17,-180
-176,7,-156
-160,12,-109
-125,35,-83
-118,68,-62
-115,111,-41
-116,149,-19
-111,172,3
-95,181,-5
-57,201,20
-50,212,24
-43,237,17
-26,224,26
-21,233,34
1,192,32
8,181,12
-12,152,19
-30,127,15
-26,95,-19
-50,61,-41
-89,32,-55
-142,23,-95
-188,5,-133
-231,23,-175
-237,25,-187
-266,28,-211
-294,28,-256
-276,-7,-260
-278,8,-306
-278,-5,-320
-311,30,-358
-318,41,-379
-345,68,-416
-332,84,-466
-330,104,-488
-323,115,-509
-318,127,-532
-276,161,-589
-262,154,-589
-230,172,-641
-210,188,-657
-161,176,-655
-161,169,-662
-152,138,-643
-161,104,-624
-169,68,-603
-224,48,-563
-240,39,-523
-271,52,-476
-289,48,-449
-314,62,-417
-318,77,-358
-332,80,-341
-316,82,-325
-309,86,-298
-316,71,-266
-298,79,-249
-312,93,-228
-302,86,-225
-318,88,-230
-303,77,-251
-325,80,-272
-327,82,-350
-350,102,-362
-357,124,-403
-368,188,-431
-365,152,-504
-347,203,-521
-359,201,-520
-347,228,-546
-361,260,-528
-375,267,-501
-388,244,-461
-408,224,-407
-422,213,-348
-415,203,-296
-388,201,-218
-348,204,-145
-302,212,-93
-264,210,-67
-199,239,-1
-160,249,5
-100,255,20
-55,242,43
-16,260,50
37,253,36
35,258,52
55,206,29
57,201,31
88,203,19
82,197,10
82,172,0
104,172,10
111,169,3
109,160,12
124,149,-1
133,129,-10
115,143,-10
133,151,-13
131,127,-26
143,122,-17
118,125,-20
127,142,-22
140,169,0
131,156,-8
143,169,-3
149,178,-8
143,190,-6
133,226,10
161,244,17
167,257,-5
160,271,-1
179,294,17
174,289,8
176,262,3
179,266,-6
183,269,-10
187,262,-3
195,253,-8
201,212,-10
167,195,-29
190,197,-27
183,154,-34
172,140,-52
151,100,-58
140,104,-62
145,80,-95
136,57,-100
125,61,-79
133,61,-97
131,59,-98
136,46,-104
136,28,-107
149,55,-95
138,44,-102
154,46,-97
143,43,-90
140,53,-110
147,61,-104
158,61,-93
165,100,-65
154,136,-48
174,203,-29
169,230,-3
125,287,17
95,336,15
79,374,34
28,409,3
-28,413,13
-98,411,12
-131,415,-8
-179,395,-24
-208,406,-38
-249,382,-46
-294,377,-104
-334,381,-117
-356,377,-169
-359,391,-197
-409,356,-201
-399,359,-232
-390,357,-303
-418,350,-317
-413,352,-343
-409,363,-357
-386,354,-393
-395,374,-450
-390,354,-476
-384,363,-481
-365,339,-514
-334,356,-547
-332,350,-570
-327,341,-582
-316,345,-565
-314,329,-570
-343,296,-563
-375,296,-497
-382,249,-455
-417,255,-409
-400,239,-383
-408,231,-310
-408,224,-289
-382,192,-240
-377,194,-214
-354,192,-185
-339,188,-161
-312,194,-104
-289,195,-84
-267,192,-78
-255,187,-52
-231,185,-50
-204,183,-38
-206,160,-22
-181,138,-43
-170,102,-43
-161,79,-55
-183,64,-65
-188,26,-95
-219,-10,-176
-246,-12,-206
-287,-17,-263
-318,12,-296
-357,30,-383
-354,44,-421
-365,41,-442
-359,75,-485
-365,106,-494
-343,124,-532
-339,127,-573
-316,161,-585
-282,160,-611
-242,149,-632
-210,134,-639
-187,115,-637
-160,95,-643
-149,88,-643
-167,73,-611
-178,55,-608
-204,57,-582
-240,64,-558
-284,68,-502
-302,50,-478
-321,80,-469
-338,111,-433
-382,127,-400
-379,138,-331
-386,152,-303
-377,169,-256
-370,179,-218
-366,204,-180
-332,221,-116
-314,246,-78
-278,264,-32
-260,303,-29
-219,312,-20
-187,320,-3
-134,336,8
-127,343,29
-100,341,31
-73,339,53
-50,356,45
-37,350,29
-10,374,62
-3,363,48
7,352,31
8,354,50
25,359,45
10,374,41
17,374,31
0,413,34
10,420,31
-1,433,32
-7,453,27
-23,458,12
-25,481,6
-39,507,6
-46,503,6
-70,526,-1
-52,523,-15
-89,517,-17
-89,532,-17
-100,525,-17
-107,539,-38
-115,543,-58
-127,534,-50
-151,539,-55
-158,539,-48
-160,541,-71
-185,544,-84
-176,535,-97
-195,537,-91
-235,523,-105
-233,521,-135
-240,517,-149
-257,508,-147
-267,487,-150
-273,478,-166
-271,487,-188
-280,474,-201
-289,465,-213
-293,476,-223
-271,483,-237
-298,507,-273
-293,512,-292
-312,510,-298
-316,539,-287
-314,541,-279
-316,543,-253
-289,534,-216
-276,543,-194
-276,553,-176
-239,548,-154
-217,555,-130
-187,553,-93
-174,555,-78
-147,550,-55
-118,550,-52
-84,534,-15
-44,480,-5
-30,465,12
-10,453,13
14,417,31
21,388,41
39,345,52
26,318,53
12,282,43
0,230,48
1,188,12
-44,170,12
-86,169,6
-152,134,-26
-199,95,-43
-233,93,-100
-269,100,-121
-296,109,-171
-350,106,-192
-350,106,-223
-366,115,-253
-375,131,-299
-386,149,-334
-397,163,-331
-399,179,-343
-388,165,-329
-379,149,-320
-359,122,-291
-370,140,-280
-339,156,-216
-316,147,-176
-298,158,-117
-264,167,-98
-230,208,-62
-228,210,-46
-194,255,-31
-172,284,-3
-161,305,13
-138,321,12
-107,327,3
-102,329,19
-97,309,24
-79,273,27
-73,260,19
-89,266,17
-124,221,-8
-134,170,-8
-154,115,-20
-149,95,-53
-201,61,-93
-215,32,-131
-197,-25,-194
-208,-28,-201
-194,-43,-218
-208,-64,-239
-192,-77,-251
-210,-80,-237
-195,-62,-188
-204,-25,-152
-194,-10,-110
-161,0,-86
-122,39,-48
-124,70,-22
-66,113,-15
-48,138,12
-48,199,39
-30,242,43
-25,309,52
-12,339,39
-41,379,43
-39,409,41
-52,422,29
-75,460,17
-93,463,-3
-129,460,-10
-172,467,-20
-167,462,-32
-219,435,-55
-233,413,-58
-276,406,-76
-294,363,-83
-323,309,-117
-339,271,-157
-361,231,-220
-365,188,-254
-379,160,-286
-365,131,-407
-354,127,-442
-323,140,-513
-307,145,-525
-282,167,-591
-244,176,-620
-226,194,-644
-195,203,-663
-172,219,-662
-170,221,-684
-160,231,-677
-208,233,-648
-253,224,-632
-298,208,-582
-347,203,-532
-365,210,-483
-386,188,-400
-382,185,-355
-395,172,-294
-384,179,-239
-347,235,-175
-334,276,-138
-309,312,-97
-260,339,-78
-237,359,-48
-192,393,-32
-163,418,-12
-116,429,5
-79,481,10
-50,503,-10
-25,525,6
-32,535,-13
-34,552,-32
-57,575,-52
-75,604,-65
-91,616,-78
-134,645,-136
-160,649,-154
-185,641,-171
-197,654,-197
-208,650,-201
-213,645,-230
-213,623,-223
-235,631,-227
-226,640,-239
-231,649,-227
-217,641,-237
-235,645,-244
-230,636,-228
-226,636,-263
-246,641,-258
-235,634,-251
-222,640,-253
-231,641,-244
-226,640,-266
-231,638,-254
-192,659,-237
-194,676,-214
-165,658,-194
-149,649,-175
-118,647,-156
-82,636,-104
-55,613,-105
-53,614,-69
-43,586,-41
-34,534,-26
0,492,3
5,433,32
-7,334,20
-8,296,36
-21,215,24
-44,174,12
-80,98,-12
-106,66,-67
-111,28,-93
-187,25,-124
-215,-3,-176
-251,-25,-253
-267,-1,-261
-287,3,-287
-302,-3,-277
-307,1,-286
-303,1,-317
-300,5,-313
-278,5,-310
-294,17,-322
-291,-7,-318
-284,0,-312
-282,5,-310
-285,-5,-296
-278,-16,-296
-249,-19,-265
-244,-25,-232
-237,10,-180
-224,34,-147
-201,89,-79
-197,161,-55
-178,192,-32
-185,314,-19
-167,357,-15
-154,427,-20
-161,442,-24
-179,481,-41
-170,516,-50
-174,541,-64
-174,562,-91
-179,589,-117
-183,614,-145
-194,629,-152
-195,631,-192
-199,652,-206
-212,636,-211
-199,649,-227
-204,650,-225
-204,650,-218
-195,645,-209
-201,650,-239
-206,659,-251
-195,663,-247
-199,659,-244
-165,658,-201
-183,647,-197
-125,672,-173
-97,647,-138
-73,631,-98
-21,614,-52
-12,584,-50
25,517,-10
55,476,32
64,395,38
64,323,52
70,296,19
71,258,24
59,231,8
32,179,10
26,163,-12
8,127,-1
-8,102,-26
-26,77,-39
-46,53,-45
-71,46,-52
-120,41,-60
-143,39,-79
-217,48,-126
-255,46,-159
-287,32,-187
-325,59,-216
-334,61,-256
-375,80,-313
-363,64,-339
-359,43,-371
-347,70,-372
-372,116,-410
-374,115,-398
-368,106,-414
-348,129,-457
-341,118,-447
-332,91,-435
-332,113,-414
-338,79,-391
-334,86,-364
-359,111,-332
-366,129,-312
-370,129,-322
-379,149,-327
-377,176,-322
-381,208,-357
-399,197,-405
-354,199,-452
-354,195,-483
-330,179,-509
-287,169,-572
-262,136,-582
-219,129,-613
-185,95,-615
-176,75,-599
-195,70,-587
-192,34,-566
-208,43,-551
-233,3,-523
-275,48,-494
-300,55,-455
-339,91,-421
-356,136,-409
-390,203,-393
-391,230,-381
-397,264,-345
-417,305,-308
-397,325,-286
-388,345,-228
-381,348,-194
-356,359,-166
-343,386,-140
-314,375,-105
-285,368,-95
-275,361,-74
-239,339,-50
-224,347,-43
-194,312,-10
-178,311,-1
-167,293,19
-145,278,1
-133,248,13
-111,226,0
-95,192,-8
-88,134,-22
-75,100,-31
-68,61,-38
-77,48,-60
-79,14,-86
-82,3,-110
-80,-1,-123
-98,-23,-126
-109,-30,-147
-107,-35,-149
-124,-1,-161
-113,-30,-157
-118,-7,-162
-149,-19,-150
-140,-10,-138
-149,-5,-123
-142,26,-102
-143,43,-90
-138,59,-67
-134,73,-57
-136,97,-38
-142,106,-26
-149,124,-29
-167,149,-26
-163,145,-36
-206,170,-64
-226,197,-62
-239,206,-74
-251,219,-76
-262,226,-90
-275,235,-98
-294,251,-107
-307,264,-126
-329,267,-136
-343,275,-140
-348,298,-138
-327,320,-135
-309,348,-131
-300,368,-109
-276,402,-93
-257,415,-74
-195,415,-29
-181,400,-29
-152,415,-1
-129,395,3
-95,379,-1
-75,377,24
-50,359,41
-14,348,48
-3,302,31
28,251,31
39,222,20
52,156,8
53,129,-24
37,84,-36
43,71,-62
26,52,-57
14,3,-90
1,-1,-112
-14,-25,-110
-25,-53,-145
-34,-34,-143
-66,-37,-154
-98,-52,-157
-140,-50,-201
-151,-46,-183
-151,-3,-145
-161,-7,-124
-170,44,-98
-201,118,-72
-221,174,-57
-237,255,-62
-257,318,-60
-260,321,-67
-257,339,-67
-275,361,-91
-287,377,-83
-316,388,-121
-336,382,-154
-357,368,-182
-391,298,-225
-363,269,-273
-379,217,-306
-363,183,-343
-359,122,-367
-312,97,-402
-300,59,-428
-257,16,-455
-222,25,-495
-172,3,-572
-142,26,-601
-107,53,-651
-98,80,-677
-79,89,-683
-68,158,-717
-73,178,-719
-71,204,-731
-68,226,-731
-44,271,-733
-46,284,-731
-34,303,-736
-25,327,-742
-3,356,-728
25,370,-738
46,384,-724
80,404,-716
93,402,-707
142,429,-688
176,427,-676
203,426,-677
278,375,-632
282,347,-625
314,257,-584
327,197,-572
305,122,-551
282,55,-511
239,5,-466
197,-46,-443
156,-73,-435
79,-86,-409
25,-107,-388
-28,-93,-374
-62,-84,-341
-124,-91,-331
-154,-64,-318
-158,-57,-298
-190,-39,-270
-183,-39,-256
-154,-32,-228
-185,-12,-220
-204,57,-201
-235,59,-192
-253,59,-168
-244,86,-152
-242,98,-150
-244,100,-149
-226,100,-131
-206,109,-116
-178,98,-98
-127,59,-95
-106,41,-88
-61,21,-86
32,10,-104
88,5,-126
158,21,-142
215,21,-166
280,39,-194
296,62,-237
309,71,-260
356,100,-312
386,127,-338
391,122,-343
388,129,-374
397,213,-424
388,226,-440
400,257,-449
391,302,-488
382,354,-504
356,402,-530
343,422,-532
341,424,-547
311,451,-546
235,569,-532
208,618,-506
158,658,-499
125,679,-481
115,686,-468
131,685,-431
125,694,-423
106,703,-428
80,710,-445
70,688,-455
61,701,-440
66,699,-462
79,683,-471
97,668,-492
113,663,-504
111,668,-523
115,647,-527
97,640,-558
48,638,-573
50,625,-568
23,613,-601
7,596,-610
-3,589,-606
-41,595,-611
-44,577,-601
-79,571,-596
-97,578,-603
-143,571,-599
-151,575,-572
-174,566,-570
-195,577,-535
-210,584,-514
-237,607,-468
-233,622,-433
-219,647,-412
-194,665,-398
-142,677,-358
-86,715,-325
-44,731,-313
10,744,-291
53,744,-301
104,740,-312
169,704,-308
219,683,-315
289,656,-313
381,525,-318
404,454,-341
433,400,-351
429,300,-376
442,269,-402
429,217,-421
411,192,-462
391,161,-485
366,125,-499
334,93,-523
278,66,-553
219,57,-575
174,26,-625
138,30,-636
93,25,-644
73,26,-650
-5,12,-650
-48,-1,-636
-79,14,-624
-133,7,-610
-170,23,-559
-228,26,-525
-273,25,-485
-303,37,-438
-314,44,-407
-329,70,-355
-323,68,-291
-307,77,-247
-300,109,-223
-300,113,-195
-267,134,-157
-257,134,-130
-253,156,-98
-226,151,-90
-213,152,-88
-192,152,-60
-154,147,-65
-163,170,-50
-142,167,-29
-86,147,-38
-75,129,-31
-52,116,-22
-8,109,-26
16,95,-43
41,80,-50
55,80,-57
97,64,-65
100,75,-72
109,59,-81
160,55,-102
181,66,-116
224,80,-123
228,77,-150
291,93,-180
298,104,-173
318,142,-168
327,154,-169
347,174,-168
350,217,-182
366,226,-162
372,257,-188
381,258,-201
388,323,-221
399,366,-242
402,427,-273
399,431,-260
399,474,-277
381,492,-291
391,517,-298
357,544,-296
350,537,-279
334,589,-280
316,604,-263
309,607,-249
312,593,-225
311,584,-209
291,575,-176
269,571,-159
276,535,-107
264,508,-105
278,436,-78
293,404,-71
294,370,-72
296,336,-84
305,316,-107
316,276,-117
302,251,-135
314,199,-140
321,167,-171
321,156,-213
343,120,-244
338,93,-284
330,93,-339
305,61,-339
302,68,-395
312,46,-405
285,23,-442
253,26,-462
228,16,-455
244,14,-495
233,28,-499
257,73,-559
282,84,-573
269,118,-589
258,115,-565
262,97,-582
258,97,-585
264,102,-584
266,79,-565
285,59,-528
284,28,-516
287,0,-481
253,-37,-424
249,-48,-365
242,-59,-348
230,-53,-301
226,-64,-273
201,-61,-239
181,-52,-202
163,-41,-175
131,-44,-150
86,-28,-128
68,-21,-104
30,-23,-98
-80,12,-88
-104,17,-97
-113,26,-78
-134,55,-50
-181,106,-60
-213,138,-64
-246,152,-78
-266,169,-83
-302,194,-100
-345,212,-159
-363,215,-201
-418,249,-265
-426,249,-327
-393,235,-414
-397,249,-473
-391,226,-499
-348,197,-547
-318,160,-563
-305,151,-551
-291,125,-561
-280,86,-520
-257,55,-497
-269,7,-450
-285,41,-428
-282,41,-407
-296,26,-365
-289,16,-331
-280,21,-284
-258,21,-273
-262,39,-253
-260,48,-220
-242,70,-185
-231,52,-182
-230,68,-166
-201,46,-138
-190,53,-117
-154,64,-97
-149,73,-78
-145,59,-60
-107,61,-58
-106,41,-64
-80,34,-50
-68,43,-48
-77,34,-67
-50,17,-72
-52,23,-84
-41,8,-74
-48,-1,-88
-62,26,-78
-44,12,-84
-44,12,-74
-44,12,-78
-34,30,-64
-21,46,-48
-10,46,-41
-16,73,-26
-5,102,-19
-14,169,6
-34,206,26
-41,260,22
-79,294,27
-89,327,17
-158,356,-3
-190,366,-13
-228,375,-64
-269,359,-76
-312,305,-110
-307,275,-143
-303,174,-185
-312,129,-221
-287,115,-263
-267,37,-289
-221,-8,-317
-165,-39,-377
-89,-86,-433
-21,-79,-450
8,-80,-490
41,-52,-507
95,-5,-553
133,10,-589
203,77,-618
219,115,-624
239,138,-611
260,163,-618
269,204,-610
287,233,-599
314,239,-573
341,240,-547
348,280,-533
345,269,-530
365,271,-521
370,298,-506
377,316,-492
384,287,-447
391,273,-447
404,278,-424
404,253,-400
413,222,-388
393,174,-369
375,145,-365
368,113,-334
359,100,-332
352,79,-318
298,25,-312
253,1,-289
235,-26,-275
212,-39,-270
154,-71,-260
97,-75,-256
30,-98,-279
-39,-104,-270
-73,-98,-261
-136,-86,-291
-181,-66,-306
-298,7,-322
-347,88,-324
-381,140,-329
-400,142,-345
-395,183,-357
-435,226,-364
-427,273,-371
-447,347,-397
-431,413,-409
-395,496,-402
-365,541,-424
-298,593,-464
-273,629,-471
-240,640,-495
-178,663,-535
-133,665,-527
-71,676,-537
-37,674,-546
41,677,-546
55,667,-532
98,667,-546
116,667,-514
160,659,-501
197,668,-464
226,668,-443
230,650,-391
235,677,-386
210,670,-334
203,681,-313
183,683,-284
174,685,-251
142,695,-251
17,712,-201
-52,703,-195
-156,674,-171
-167,638,-171
-206,616,-161
-246,559,-168
-318,505,-175
-338,456,-173
-350,400,-178
-366,323,-204
-379,260,-230
-368,210,-268
-363,169,-291
-361,181,-338
-363,172,-374
-354,174,-410
-341,129,-457
-332,120,-504
-298,122,-523
-257,120,-546
-203,102,-608
-181,109,-629
-152,120,-657
-129,136,-669
-122,133,-679
-30,163,-695
-3,154,-714
44,195,-719
71,212,-714
75,215,-724
120,228,-705
169,248,-686
167,253,-688
199,264,-674
231,271,-674
257,267,-663
276,266,-644
255,266,-644
262,284,-651
244,284,-672
230,323,-683
233,345,-690
197,384,-696
152,472,-684
140,499,-676
98,591,-639
57,632,-596
-14,697,-520
-39,733,-454
-48,749,-390
-70,760,-341
-86,744,-287
-100,726,-228
-122,704,-197
-142,670,-161
-169,658,-131
-192,623,-81
-178,595,-88
-169,568,-69
-179,535,-45
-178,537,-32
-183,550,-58
-206,526,-46
-237,499,-45
-260,494,-64
-282,526,-98
-303,508,-105
-316,489,-124
-348,543,-173
-345,578,-183
-336,631,-275
-347,620,-299
-327,629,-339
-287,679,-357
-203,735,-407
-149,760,-435
-118,758,-461
-80,749,-473
-61,758,-488
14,722,-533
73,703,-535
142,677,-563
167,652,-580
203,616,-573
208,600,-596
231,559,-598
289,444,-625
320,431,-637
318,361,-636
309,309,-637
314,267,-639
320,280,-634
330,258,-620
361,206,-601
350,192,-570
370,93,-506
375,95,-473
444,174,-376
451,188,-331
444,199,-272
427,212,-249
440,228,-216
415,228,-195
413,230,-194
411,275,-175
390,307,-164
382,354,-147
365,390,-136
330,456,-135
312,521,-110
284,557,-107
237,593,-131
197,658,-152
116,721,-171
82,719,-211
43,737,-256
17,744,-308
17,748,-350
-19,735,-407
-41,713,-435
-39,690,-488
-28,672,-530
0,647,-540
-1,634,-559
41,631,-566
61,625,-579
89,618,-568
97,596,-589
107,607,-592
127,598,-598
154,589,-596
160,559,-584
172,539,-596
195,469,-618
213,458,-629
188,418,-667
151,330,-686
127,264,-681
102,188,-698
52,127,-667
-25,89,-676
-100,68,-669
-133,61,-641
-206,66,-611
-262,104,-585
-341,140,-533
-372,178,-504
-427,219,-447
-417,258,-433
-445,327,-364
-440,350,-324
-440,365,-317
-453,384,-270
-426,440,-247
-418,480,-213
-404,480,-192
-382,526,-175
-370,543,-176
-352,571,-173
-338,578,-183
-321,598,-188
-284,643,-187
-269,650,-208
-240,722,-263
-174,739,-275
-161,744,-273
-156,749,-272
-106,771,-306
-70,796,-358
-30,782,-393
12,785,-417
39,758,-443
118,765,-471
124,735,-466
194,679,-478
249,685,-449
242,674,-445
258,661,-447
289,638,-431
305,625,-402
303,641,-400
296,667,-383
294,640,-388
300,613,-369
276,647,-371
248,676,-388
235,677,-403
226,697,-405
208,679,-412
187,697,-412
174,685,-431
170,695,-438
151,697,-429
160,681,-442
161,683,-457
178,685,-480
174,663,-476
199,649,-504
212,632,-495
230,596,-506
257,559,-521
257,526,-535
271,490,-573
269,445,-582
284,377,-599
285,336,-605
273,287,-603
273,240,-606
251,169,-599
239,142,-594
221,95,-577
213,70,-559
181,19,-546
163,-16,-497
158,-39,-485
178,-37,-466
161,-43,-443
158,-64,-419
161,-64,-402
143,-61,-381
143,-64,-360
151,-46,-332
145,-66,-296
140,-68,-263
134,-59,-209
134,-34,-220
147,-25,-187
147,-17,-187
169,-10,-187
219,14,-183
248,35,-221
284,53,-221
294,68,-253
336,102,-261
365,116,-282
372,149,-286
390,188,-289
395,215,-301
420,255,-336
424,309,-360
400,397,-379
395,445,-423
356,489,-447
339,530,-438
347,530,-438
354,530,-449
338,561,-412
321,562,-428
294,589,-433
303,577,-410
302,589,-402
296,598,-393
285,591,-414
302,611,-388
284,607,-381
282,616,-376
289,634,-365
258,632,-381
251,640,-416
251,622,-433
240,600,-457
244,614,-471
240,582,-499
248,539,-544
242,541,-556
239,541,-580
219,521,-582
201,521,-592
190,532,-599
156,552,-580
154,575,-585
156,577,-580
149,569,-587
138,580,-587
129,589,-596
113,598,-587
102,598,-594
86,589,-596
100,589,-592
70,580,-608
68,578,-610
66,577,-608
61,564,-617
61,568,-620
48,552,-632
30,544,-629
34,559,-629
28,543,-644
23,534,-650
-8,519,-660
-19,501,-674
-55,508,-670
-79,499,-669
-91,508,-670
-109,508,-670
-147,507,-662
-169,496,-658
-185,494,-639
-206,494,-639
-246,501,-611
-275,483,-605
-273,492,-599
-294,492,-575
-320,499,-565
-354,519,-518
-354,508,-494
-388,507,-461
-370,535,-426
-397,530,-393
-377,561,-346
-375,562,-313
-372,555,-310
-356,575,-277
-345,575,-246
-347,569,-230
-330,589,-214
-327,575,-218
-318,591,-206
-323,604,-221
-330,604,-235
-314,605,-258
-312,629,-301
-278,649,-365
-284,665,-395
-231,674,-435
-208,686,-457
-125,672,-488
-50,679,-533
43,647,-554
104,643,-579
165,596,-579
248,550,-572
289,541,-546
327,478,-520
345,424,-516
386,365,-501
393,321,-487
399,287,-461
397,267,-466
386,239,-473
388,219,-464
386,210,-455
377,201,-464
375,199,-462
354,195,-473
359,176,-471
372,156,-483
352,154,-481
334,143,-471
320,129,-495
338,129,-516
316,165,-533
325,206,-542
338,190,-551
316,187,-530
318,163,-542
307,109,-514
302,86,-495
293,88,-473
309,71,-461
287,43,-443
280,28,-412
282,26,-386
278,16,-379
266,21,-381
246,1,-365
231,-12,-372
217,-37,-362
213,-37,-383
203,-37,-379
181,-44,-379
187,-57,-381
194,-32,-353
228,-30,-345
280,14,-360
294,46,-343
352,89,-377
370,129,-391
379,181,-414
381,208,-426
382,217,-438
379,249,-462
359,255,-509
361,285,-542
339,325,-573
302,352,-603
262,377,-624
208,445,-658
133,456,-648
107,467,-662
41,487,-681
-12,469,-660
-61,478,-662
-111,496,-658
-134,490,-632
-165,467,-637
-190,478,-620
-212,481,-606
-239,480,-584
-278,447,-570
-298,435,-568
-303,465,-539
-312,456,-527
-334,471,-488
-325,487,-469
-338,489,-443
-339,490,-414
-348,481,-398
-354,487,-393
-357,487,-379
-345,485,-360
-363,474,-322
-357,480,-345
-365,476,-338
-384,485,-353
-370,492,-343
-368,476,-362
-363,507,-395
-321,559,-397
-289,602,-407
-258,614,-409
-203,674,-424
-163,695,-445
-131,710,-435
-55,721,-438
-3,740,-443
73,724,-452
111,730,-447
187,704,-450
222,690,-436
280,643,-468
318,602,-459
338,571,-481
375,501,-494
399,456,-495
386,429,-532
377,402,-540
397,329,-542
375,278,-563
357,221,-573
343,192,-587
298,136,-603
249,95,-605
217,77,-608
178,55,-611
154,28,-610
75,7,-613
26,5,-608
19,-1,-601
-19,-12,-587
-61,-17,-575
-91,-34,-546
-109,-12,-532
-142,-12,-518
-167,-34,-511
-192,-16,-459
-215,-10,-440
-206,-5,-424
-195,-41,-397
-161,-53,-391
-116,-70,-369
-106,-80,-355
-82,-79,-318
-37,-102,-320
-35,-89,-332
79,-82,-312
194,-53,-329
282,12,-334
325,66,-324
374,129,-336
381,179,-343
408,228,-351
404,249,-362
408,242,-365
411,235,-390
408,242,-403
402,273,-443
399,291,-457
384,341,-495
368,357,-532
336,397,-559
321,397,-577
298,409,-610
221,451,-618
206,476,-639
176,496,-637
170,526,-650
136,535,-634
138,530,-639
140,525,-627
181,516,-608
215,507,-606
231,487,-615
273,456,-606
316,402,-579
323,334,-561
332,213,-546
318,188,-528
314,160,-535
275,84,-504
240,43,-520
228,26,-511
230,28,-506
219,10,-509
219,0,-513
231,12,-480
231,-5,-462
230,-3,-440
224,-5,-424
230,-32,-395
249,-5,-372
239,-8,-358
255,7,-343
275,8,-338
255,0,-343
282,16,-358
291,17,-374
285,23,-400
269,17,-398
264,-5,-407
235,-5,-428
221,-37,-438
213,-19,-438
213,-26,-462
228,-16,-466
244,0,-471
199,-16,-487
161,-35,-488
17,-57,-478
-107,-64,-471
-235,12,-483
-370,169,-447
-386,210,-435
-391,276,-433
-402,320,-461
-377,388,-464
-347,462,-473
-303,562,-490
-260,580,-528
-206,613,-549
-107,629,-568
-50,632,-606
34,602,-611
73,591,-605
149,555,-625
174,519,-625
248,474,-603
289,454,-591
316,402,-579
352,374,-540
370,359,-523
379,390,-476
386,390,-462
384,417,-440
397,458,-438
354,490,-455
312,532,-475
311,534,-473
289,552,-507
248,575,-537
194,568,-561
183,568,-585
163,548,-594
145,562,-615
102,555,-636
75,546,-658
25,557,-651
-30,541,-657
-75,543,-641
-116,537,-650
-134,534,-646
-204,514,-624
-242,447,-611
-280,399,-610
-325,300,-566
-323,226,-551
-298,79,-551
-260,19,-532
-174,-52,-494
-170,-66,-455
-129,-107,-450
-98,-102,-431
-77,-102,-417
-52,-120,-414
-19,-116,-407
12,-124,-393
50,-115,-371
82,-115,-367
129,-107,-360
197,-79,-332
320,46,-294
341,97,-263
356,107,-266
354,106,-251
372,145,-244
381,161,-256
400,181,-268
402,222,-277
411,271,-282
418,361,-299
417,406,-301
408,469,-348
379,487,-358
365,526,-410
327,539,-429
329,534,-476
311,516,-494
320,503,-516
303,483,-525
303,480,-553
316,442,-558
314,429,-549
316,413,-565
320,413,-551
316,406,-554
323,384,-561
312,388,-554
329,408,-563
296,404,-563
289,422,-584
287,438,-582
257,462,-587
240,481,-596
221,483,-601
212,499,-627
195,501,-622
170,487,-629
154,485,-658
140,467,-665
102,436,-684
80,390,-688
52,368,-716
23,332,-729
-12,300,-733
-44,257,-719
-109,210,-719
-138,160,-677
-195,109,-660
-219,86,-620
-267,55,-556
-269,35,-516
-330,17,-461
-352,39,-398
-372,62,-348
-368,73,-279
-347,80,-244
-348,107,-187
-298,100,-152
-302,133,-124
-260,160,-81
-240,165,-58
-212,172,-38
-206,178,-22
-172,169,-31
-197,190,-20
-188,152,-32
-221,156,-39
-251,165,-48
-255,154,-62
-280,176,-86
-291,151,-104
-282,185,-109
-287,169,-104
-305,183,-100
-309,194,-117
-314,210,-130
-366,230,-135
-402,248,-214
-431,280,-273
-431,284,-353
-427,276,-419
-391,255,-488
-370,222,-527
-336,203,-563
-271,188,-601
-249,160,-636
-161,118,-641
-129,89,-637
-88,55,-636
-50,28,-627
19,-8,-615
57,-28,-596
84,-30,-566
143,-53,-499
210,-48,-466
262,-17,-381
296,-8,-324
303,26,-258
305,39,-232
300,62,-220
300,73,-178
293,91,-164
287,115,-145
284,122,-128
294,140,-128
294,140,-107
258,169,-110
282,181,-109
266,183,-86
285,210,-98
305,248,-83
298,273,-114
311,300,-105
323,381,-124
329,411,-126
316,435,-128
329,458,-136
334,478,-152
296,534,-161
303,548,-182
289,573,-192
284,578,-211
273,578,-214
289,580,-213
291,593,-221
282,577,-234
289,580,-247
287,607,-246
287,611,-260
271,627,-279
275,638,-296
262,622,-308
282,627,-303
287,632,-308
278,623,-310
267,620,-317
314,584,-310
345,550,-287
357,508,-254
368,494,-247
377,438,-232
375,433,-199
370,413,-176
350,418,-168
334,409,-145
316,463,-128
287,460,-117
271,508,-123
237,553,-107
178,577,-95
170,595,-98
142,587,-88
115,600,-86
98,620,-81
61,625,-90
25,625,-65
-3,654,-72
-26,634,-81
-64,654,-76
-75,647,-110
-98,659,-112
-115,665,-128
-115,658,-114
-109,667,-119
-122,654,-131
-147,640,-121
-138,641,-91
-125,618,-104
-138,638,-91
-127,616,-98
-97,604,-62
-68,600,-65
-32,589,-34
0,575,-31
32,568,-31
75,568,-31
120,584,-60
118,589,-83
161,600,-107
174,613,-147
179,632,-156
176,668,-204
169,668,-221
170,681,-254
156,710,-310
124,721,-338
84,721,-365
66,724,-403
19,692,-445
-17,694,-485
-25,661,-527
-71,640,-547
-93,632,-554
-129,607,-572
-151,586,-568
-185,566,-591
-195,552,-559
-217,526,-563
-251,510,-568
-251,507,-561
-273,510,-530
-280,521,-530
-269,492,-533
-293,483,-521
-289,490,-514
-285,505,-501
-289,541,-476
-284,571,-485
-257,605,-462
-235,620,-445
-215,654,-440
-181,677,-428
-147,701,-426
-102,724,-421
-62,735,-407
8,746,-414
48,739,-400
109,739,-397
140,740,-391
152,731,-407
190,719,-412
249,692,-407
291,665,-398
330,643,-436
357,577,-445
402,514,-461
409,471,-478
406,417,-502
397,386,-521
408,332,-549
399,309,-533
388,269,-561
397,278,-577
381,266,-579
372,257,-594
366,273,-589
336,239,-611
332,235,-622
321,235,-625
307,239,-632
278,206,-643
266,190,-648
233,169,-651
221,138,-657
188,138,-660
152,109,-670
122,86,-665
62,62,-670
28,32,-648
-30,8,-632
-44,5,-608
-86,-10,-582
-95,-34,-518
-104,-57,-485
-118,-71,-461
-127,-80,-397
-95,-84,-345
-39,-97,-298
-1,-66,-230
-1,-52,-223
25,-71,-218
53,-50,-180
53,-25,-183
97,0,-149
116,19,-136
181,48,-147
206,73,-133
233,107,-131
284,197,-128
309,273,-110
325,390,-116
321,418,-130
321,447,-147
325,465,-168
361,458,-195
370,453,-221
357,487,-258
368,530,-296
338,550,-318
329,573,-351
316,604,-346
271,634,-358
242,649,-348
213,677,-345
169,704,-336
140,704,-308
89,712,-287
53,719,-273
23,703,-240
16,706,-234
-25,715,-211
-41,695,-209
-52,688,-188
-64,668,-176
-97,665,-159
-109,652,-140
-124,645,-133
-152,631,-130
-161,614,-138
-187,596,-138
-208,593,-145
-233,561,-131
-269,550,-156
-280,539,-187
-341,514,-225
-359,456,-249
-393,408,-286
-391,366,-308
-400,314,-338
-399,273,-353
-395,222,-364
-366,169,-371
-350,131,-390
-314,77,-428
-284,43,-443
-258,32,-457
-255,10,-478
-219,10,-485
-195,30,-501
-194,14,-513
-213,19,-532
-206,41,-546
-215,75,-585
-197,97,-589
-210,152,-611
-221,178,-629
-222,226,-634
-240,316,-641
-222,363,-648
-208,409,-637
-185,436,-636
-154,467,-637
-160,458,-660
-116,494,-657
-115,510,-644
-82,510,-641
-75,507,-641
-53,521,-648
-25,528,-641
-17,517,-669
-5,483,-657
7,474,-679
25,449,-686
50,388,-686
59,372,-702
95,329,-712
115,294,-707
165,255,-690
228,246,-674
285,221,-636
321,206,-591
345,172,-547
377,143,-485
408,120,-445
406,115,-384
404,116,-345
388,104,-284
395,107,-256
381,115,-204
359,125,-190
352,147,-162
341,169,-114
329,188,-105
327,222,-76
309,233,-55
291,269,-38
280,280,-31
278,303,-26
271,329,-15
258,338,-17
255,359,-13
266,366,-3
278,357,-29
296,343,-29
341,309,-48
372,257,-105
404,192,-175
420,147,-260
422,106,-331
375,62,-445
339,44,-497
244,46,-579
194,53,-644
125,136,-703
64,176,-714
3,219,-748
-93,287,-721
-131,325,-719
-151,406,-693
-165,445,-658
-172,528,-631
-156,580,-598
-134,609,-573
-71,676,-540
-7,683,-520
32,701,-475
91,713,-435
147,708,-402
178,688,-372
219,679,-336
235,667,-296
260,645,-279
291,622,-253
307,591,-216
318,548,-178
316,521,-149
323,485,-135
312,456,-124
323,402,-114
305,406,-83
282,400,-78
267,447,-71
267,454,-57
222,449,-38
224,444,-57
228,436,-46
228,411,-36
215,417,-20
192,433,-36
201,442,-31
181,480,-50
185,519,-50
179,561,-65
154,593,-62
169,614,-93
158,636,-114
152,652,-133
169,686,-173
188,677,-234
235,656,-299
246,663,-341
246,681,-393
230,661,-412
239,663,-417
240,650,-409
224,656,-407
212,665,-412
222,683,-398
217,670,-355
204,668,-339
201,683,-287
187,679,-270
192,685,-227
170,670,-192
151,650,-187
147,647,-138
140,618,-104
122,604,-83
107,596,-76
100,564,-62
86,557,-45
88,559,-46
79,564,-52
73,580,-46
70,605,-64
35,625,-72
12,667,-126
1,685,-150
-25,701,-166
-55,721,-182
-73,724,-209
-68,737,-239
-82,751,-263
-89,748,-305
-89,748,-343
-91,753,-390
-93,751,-412
-122,751,-440
-104,722,-492
-116,699,-514
-118,686,-551
-124,677,-570
-133,668,-551
-134,674,-535
-136,668,-547
-143,672,-540
-154,672,-527
-185,688,-504
-204,690,-485
-213,681,-449
-240,668,-440
-262,654,-419
-307,638,-424
-305,596,-412
-321,562,-431
-339,505,-438
-341,438,-492
-336,411,-511
-327,356,-568
-307,350,-559
-287,345,-603
-262,366,-610
-217,390,-636
-194,406,-648
-149,408,-670
-93,474,-648
-66,508,-636
-34,555,-608
-19,584,-598
10,632,-568
48,649,-535
68,686,-485
89,683,-475
122,683,-423
185,677,-362
178,677,-327
160,706,-282
140,704,-239
98,699,-223
86,697,-201
23,703,-175
-97,683,-180
-142,659,-164
-152,631,-168
-185,638,-147
-219,607,-180
-221,613,-178
-242,616,-199
-248,625,-204
-246,627,-223
-237,625,-246
-213,656,-216
-235,631,-244
-237,618,-235
-264,613,-261
-330,571,-277
-388,420,-291
-393,311,-331
-379,224,-331
-374,161,-353
-363,125,-371
-348,118,-357
-348,104,-346
-327,75,-339
-323,61,-346
-300,8,-341
-282,23,-338
-264,-19,-345
-204,-25,-315
-197,-28,-315
-178,-62,-299
-156,-59,-296
-134,-66,-310
-136,-89,-315
-138,-66,-334
-163,-59,-351
-161,-53,-388
-136,-68,-402
-140,-71,-429
-163,-37,-476
-195,23,-521
-224,41,-546
-217,48,-556
-179,39,-579
-187,75,-592
-204,115,-617
-212,122,-620
-239,145,-584
-244,151,-579
-240,147,-572
-284,147,-554
-343,285,-518
-354,321,-480
-379,336,-449
-372,397,-414
-348,456,-398
-350,490,-369
-323,568,-336
-276,632,-308
-192,659,-303
-106,703,-289
-64,715,-308
12,728,-317
25,726,-346
73,735,-358
104,719,-374
133,697,-423
161,697,-461
163,652,-483
176,632,-513
183,614,-530
228,566,-549
258,546,-551
323,467,-530
352,445,-513
374,406,-475
390,382,-428
411,379,-379
406,381,-318
417,370,-266
395,363,-201
370,363,-149
323,381,-107
309,381,-90
269,363,-72
244,374,-41
233,395,-41
221,404,-26
203,436,-29
183,474,-41
174,483,-36
172,496,-52
174,498,-43
158,517,-41
127,537,-46
134,541,-36
142,555,-39
131,562,-32
122,546,-34
113,537,-39
106,526,-26
118,525,-31
125,514,-31
143,510,-38
169,507,-41
190,496,-62
208,507,-72
215,521,-97
230,532,-107
264,541,-123
291,568,-190
305,557,-218
311,577,-237
300,584,-268
296,609,-306
282,620,-341
294,618,-374
271,627,-403
242,634,-424
230,643,-464
188,634,-497
134,667,-521
98,649,-525
44,645,-577
32,589,-592
-39,582,-631
-68,550,-631
-52,537,-639
-62,548,-632
-75,550,-634
-70,562,-632
-66,555,-629
-75,553,-627
-79,568,-641
-68,578,-627
-77,591,-605
-75,625,-572
-25,654,-533
-19,652,-507
62,699,-438
107,708,-395
226,658,-364
273,629,-339
341,571,-318
409,424,-301
408,300,-296
374,183,-301
374,129,-301
314,44,-324
253,-5,-341
208,-25,-357
145,-73,-407
88,-73,-428
44,-88,-452
35,-68,-471
-5,-55,-511
-8,-48,-532
-28,-32,-554
-25,-25,-565
-25,-25,-565
-30,-8,-591
-21,-10,-596
-37,-1,-601
-32,-28,-603
-23,-19,-594
-35,-28,-565
1,-41,-566
35,-71,-499
62,-88,-487
102,-98,-449
143,-75,-409
181,-70,-383
275,-8,-341
329,70,-327
361,113,-310
379,174,-286
411,246,-279
393,408,-254
382,433,-258
352,532,-249
302,582,-242
278,638,-251
226,661,-260
109,717,-268
41,731,-286
-5,728,-272
-12,724,-310
-43,722,-322
-89,719,-343
-125,704,-395
-170,641,-462
-181,580,-507
-206,552,-570
-206,454,-632
-194,374,-648
-195,285,-653
-195,257,-653
-204,244,-658
-195,231,-663
-210,221,-650
-199,228,-639
-217,224,-650
-224,253,-646
-213,285,-653
-219,316,-644
-237,348,-648
-233,420,-631
-201,456,-620
-190,571,-579
-131,652,-532
-53,686,-495
57,704,-436
133,701,-419
246,659,-358
345,586,-343
422,400,-334
427,294,-332
391,176,-343
352,93,-329
307,44,-317
233,-14,-318
194,-46,-322
127,-62,-303
97,-71,-280
10,-61,-246
-43,-64,-246
-43,-53,-239
-88,-44,-202
-113,-16,-182
-120,12,-168
-100,25,-145
-111,46,-128
-109,52,-98
-84,41,-88
-52,59,-78
-34,62,-84
-10,75,-69
12,88,-71
73,120,-53
124,138,-50
201,204,-62
226,287,-55
246,357,-46
188,494,-67
201,539,-69
195,573,-98
204,578,-114
224,598,-140
239,595,-150
219,614,-166
210,616,-195
210,649,-216
203,663,-247
185,695,-292
147,715,-346
140,712,-398
125,668,-485
113,649,-535
79,604,-582
25,550,-613
-10,543,-641
-61,499,-634
-125,467,-634
-156,440,-646
-170,397,-643
-195,372,-660
-213,361,-639
-208,348,-648
-219,341,-651
-228,336,-636
-233,341,-637
-251,341,-637
-253,386,-650
-210,397,-643
-172,435,-655
-138,440,-639
-100,478,-648
-53,514,-662
7,543,-648
111,600,-599
172,593,-561
219,650,-450
221,656,-400
239,656,-327
248,647,-277
233,654,-232
215,636,-169
208,622,-149
169,607,-110
